date,shortwave_radiation,direct_radiation,diffuse_radiation,direct_normal_irradiance,temperature_2m,dew_point_2m,cloud_cover,precipitation,wind_speed_10m,wind_direction_10m,pressure_msl,facility_code,facility_name
2025-10-16T00:00,661.0,442.0,219.0,586.2,27.2,7.1,42,0.0,16.4,15,1019.5,NYNGAN,Nyngan
2025-10-16T01:00,808.0,622.0,186.0,722.6,29.2,11.7,52,0.0,16.9,358,1018.6,NYNGAN,Nyngan
2025-10-16T02:00,886.0,686.0,200.0,750.2,30.8,14.0,45,0.0,17.9,338,1016.7,NYNGAN,Nyngan
2025-10-16T03:00,900.0,750.0,150.0,823.0,32.1,13.3,0,0.0,18.2,335,1015.2,NYNGAN,Nyngan
2025-10-16T04:00,734.0,571.0,163.0,670.5,32.4,12.6,58,0.0,21.2,320,1013.7,NYNGAN,Nyngan
2025-10-16T05:00,656.0,537.0,119.0,726.2,32.6,11.1,82,0.0,16.6,318,1013.1,NYNGAN,Nyngan
2025-10-16T06:00,447.0,293.0,154.0,503.1,32.6,11.2,55,0.0,14.5,305,1012.8,NYNGAN,Nyngan
2025-10-16T07:00,254.0,139.0,115.0,355.2,31.3,12.1,67,0.1,14.2,344,1013.2,NYNGAN,Nyngan
2025-10-16T08:00,74.0,29.0,45.0,160.5,30.0,12.8,81,0.0,10.9,27,1013.2,NYNGAN,Nyngan
2025-10-16T09:00,2.0,0.0,2.0,0.0,27.1,13.4,61,0.0,11.3,17,1013.4,NYNGAN,Nyngan
2025-10-16T10:00,0.0,0.0,0.0,0.0,25.5,13.0,7,0.0,12.2,360,1013.9,NYNGAN,Nyngan
2025-10-16T11:00,0.0,0.0,0.0,0.0,23.8,13.4,11,0.0,9.7,2,1014.3,NYNGAN,Nyngan
2025-10-16T12:00,0.0,0.0,0.0,0.0,23.5,13.4,97,0.0,11.7,18,1014.3,NYNGAN,Nyngan
2025-10-16T13:00,0.0,0.0,0.0,0.0,22.9,13.4,36,0.0,11.7,18,1014.1,NYNGAN,Nyngan
2025-10-16T14:00,0.0,0.0,0.0,0.0,22.0,14.1,39,0.0,11.3,17,1014.1,NYNGAN,Nyngan
2025-10-16T15:00,0.0,0.0,0.0,0.0,21.7,15.5,60,0.0,13.1,9,1013.8,NYNGAN,Nyngan
2025-10-16T16:00,0.0,0.0,0.0,0.0,21.4,16.2,50,0.0,12.1,10,1013.1,NYNGAN,Nyngan
2025-10-16T17:00,0.0,0.0,0.0,0.0,20.8,16.0,36,0.0,11.2,6,1012.9,NYNGAN,Nyngan
2025-10-16T18:00,0.0,0.0,0.0,0.0,21.4,15.9,68,0.0,13.0,3,1013.1,NYNGAN,Nyngan
2025-10-16T19:00,0.0,0.0,0.0,0.0,21.2,15.7,67,0.0,12.3,3,1013.2,NYNGAN,Nyngan
2025-10-16T20:00,10.0,3.0,7.0,35.4,21.2,15.7,60,0.0,12.3,7,1013.9,NYNGAN,Nyngan
2025-10-16T21:00,117.0,58.0,59.0,281.4,22.8,15.9,58,0.2,16.9,12,1014.5,NYNGAN,Nyngan
2025-10-16T22:00,325.0,224.0,101.0,537.6,25.5,15.8,27,0.0,21.4,7,1014.8,NYNGAN,Nyngan
2025-10-16T23:00,578.0,483.0,95.0,798.9,28.2,15.8,52,0.0,22.7,359,1014.5,NYNGAN,Nyngan
2025-10-17T00:00,682.0,506.0,176.0,668.4,30.5,15.8,57,0.0,22.9,353,1013.4,NYNGAN,Nyngan
2025-10-17T01:00,747.0,522.0,225.0,604.5,32.7,15.7,55,0.0,22.1,338,1012.1,NYNGAN,Nyngan
2025-10-17T02:00,835.0,651.0,184.0,709.9,33.3,14.4,100,0.3,18.9,305,1011.9,NYNGAN,Nyngan
2025-10-17T03:00,943.0,838.0,105.0,917.2,34.3,11.5,0,0.2,20.8,293,1010.8,NYNGAN,Nyngan
2025-10-17T04:00,844.0,740.0,104.0,866.7,35.0,11.4,23,0.0,22.0,281,1010.1,NYNGAN,Nyngan
2025-10-17T05:00,672.0,521.0,151.0,702.5,35.3,11.7,49,0.0,19.7,288,1008.8,NYNGAN,Nyngan
2025-10-17T06:00,473.0,327.0,146.0,559.3,35.4,9.0,52,0.0,19.7,285,1008.2,NYNGAN,Nyngan
2025-10-17T07:00,276.0,182.0,94.0,462.4,35.0,4.5,58,0.0,21.4,257,1008.0,NYNGAN,Nyngan
2025-10-17T08:00,113.0,64.0,49.0,351.9,33.0,4.7,28,0.0,20.7,230,1008.7,NYNGAN,Nyngan
2025-10-17T09:00,5.0,2.0,3.0,27.6,28.2,6.3,73,0.0,14.4,217,1009.7,NYNGAN,Nyngan
2025-10-17T10:00,0.0,0.0,0.0,0.0,25.7,7.8,100,0.0,13.5,209,1010.9,NYNGAN,Nyngan
2025-10-17T11:00,0.0,0.0,0.0,0.0,24.1,8.9,100,0.0,13.6,197,1011.5,NYNGAN,Nyngan
2025-10-17T12:00,0.0,0.0,0.0,0.0,22.7,8.0,100,0.0,11.5,180,1012.5,NYNGAN,Nyngan
2025-10-17T13:00,0.0,0.0,0.0,0.0,21.4,7.3,100,0.0,10.2,172,1012.5,NYNGAN,Nyngan
2025-10-17T14:00,0.0,0.0,0.0,0.0,20.2,6.5,100,0.0,10.5,172,1012.7,NYNGAN,Nyngan
2025-10-17T15:00,0.0,0.0,0.0,0.0,19.2,5.6,100,0.0,11.5,176,1012.0,NYNGAN,Nyngan
2025-10-17T16:00,0.0,0.0,0.0,0.0,18.0,4.9,100,0.0,11.9,178,1011.9,NYNGAN,Nyngan
2025-10-17T17:00,0.0,0.0,0.0,0.0,16.9,4.2,58,0.0,12.6,183,1011.8,NYNGAN,Nyngan
2025-10-17T18:00,0.0,0.0,0.0,0.0,15.4,4.4,57,0.0,11.7,189,1012.8,NYNGAN,Nyngan
2025-10-17T19:00,0.0,0.0,0.0,0.0,14.5,3.9,100,0.0,12.3,187,1013.6,NYNGAN,Nyngan
2025-10-17T20:00,10.0,0.0,10.0,0.0,14.2,4.2,100,0.0,12.6,185,1014.3,NYNGAN,Nyngan
2025-10-17T21:00,123.0,27.0,96.0,128.6,16.1,4.7,100,0.0,15.1,180,1015.2,NYNGAN,Nyngan
2025-10-17T22:00,373.0,248.0,125.0,590.1,19.6,5.6,75,0.0,19.2,175,1015.3,NYNGAN,Nyngan
2025-10-17T23:00,616.0,497.0,119.0,817.6,23.1,5.9,100,0.0,22.3,170,1015.1,NYNGAN,Nyngan
2025-10-18T00:00,787.0,625.0,162.0,822.4,25.7,4.7,78,0.0,24.2,177,1015.3,NYNGAN,Nyngan
2025-10-18T01:00,925.0,759.0,166.0,876.2,27.3,3.0,98,0.0,23.1,182,1014.3,NYNGAN,Nyngan
2025-10-18T02:00,994.0,835.0,159.0,908.1,28.3,0.9,97,0.0,22.5,186,1013.6,NYNGAN,Nyngan
2025-10-18T03:00,995.0,849.0,146.0,926.9,29.1,-0.2,27,0.0,21.8,188,1012.6,NYNGAN,Nyngan
2025-10-18T04:00,935.0,844.0,91.0,986.0,29.6,-0.8,0,0.0,21.0,186,1011.6,NYNGAN,Nyngan
2025-10-18T05:00,794.0,712.0,82.0,957.3,29.6,-0.7,0,0.0,20.5,183,1011.2,NYNGAN,Nyngan
2025-10-18T06:00,600.0,525.0,75.0,894.7,29.3,-0.9,0,0.0,19.8,183,1011.3,NYNGAN,Nyngan
2025-10-18T07:00,370.0,307.0,63.0,775.4,28.3,-0.8,0,0.0,18.7,180,1011.4,NYNGAN,Nyngan
2025-10-18T08:00,138.0,97.0,41.0,526.9,26.8,-0.3,0,0.0,14.4,179,1011.8,NYNGAN,Nyngan
2025-10-18T09:00,5.0,2.0,3.0,27.1,22.2,0.6,0,0.0,9.7,180,1012.2,NYNGAN,Nyngan
2025-10-18T10:00,0.0,0.0,0.0,0.0,20.0,0.4,0,0.0,9.8,174,1013.0,NYNGAN,Nyngan
2025-10-18T11:00,0.0,0.0,0.0,0.0,18.4,0.9,0,0.0,9.5,169,1013.8,NYNGAN,Nyngan
2025-10-18T12:00,0.0,0.0,0.0,0.0,16.9,0.5,0,0.0,9.8,174,1014.6,NYNGAN,Nyngan
2025-10-18T13:00,0.0,0.0,0.0,0.0,15.8,0.7,0,0.0,9.8,174,1015.0,NYNGAN,Nyngan
2025-10-18T14:00,0.0,0.0,0.0,0.0,14.8,0.6,0,0.0,9.5,171,1014.9,NYNGAN,Nyngan
2025-10-18T15:00,0.0,0.0,0.0,0.0,13.9,0.1,0,0.0,9.2,154,1014.4,NYNGAN,Nyngan
2025-10-18T16:00,0.0,0.0,0.0,0.0,13.0,0.1,2,0.0,9.9,134,1014.2,NYNGAN,Nyngan
2025-10-18T17:00,0.0,0.0,0.0,0.0,12.4,3.8,83,0.0,9.4,130,1014.2,NYNGAN,Nyngan
2025-10-18T18:00,0.0,0.0,0.0,0.0,12.0,8.6,100,0.0,9.4,122,1014.1,NYNGAN,Nyngan
2025-10-18T19:00,0.0,0.0,0.0,0.0,11.6,10.2,69,0.0,8.9,122,1014.9,NYNGAN,Nyngan
2025-10-18T20:00,14.0,6.0,8.0,67.7,11.6,10.5,10,0.0,8.7,120,1015.4,NYNGAN,Nyngan
2025-10-18T21:00,171.0,120.0,51.0,561.3,14.6,11.3,22,0.0,10.2,108,1016.2,NYNGAN,Nyngan
2025-10-18T22:00,399.0,328.0,71.0,773.9,18.4,11.9,0,0.0,12.3,83,1016.1,NYNGAN,Nyngan
2025-10-18T23:00,617.0,538.0,79.0,880.4,22.7,12.4,0,0.0,12.4,60,1015.8,NYNGAN,Nyngan
2025-10-19T00:00,796.0,711.0,85.0,931.9,26.7,13.5,0,0.0,14.6,40,1014.7,NYNGAN,Nyngan
2025-10-19T01:00,925.0,837.0,88.0,963.3,29.5,12.8,0,0.0,13.2,29,1013.7,NYNGAN,Nyngan
2025-10-19T02:00,988.0,899.0,89.0,975.2,31.5,10.8,0,0.0,11.0,19,1012.3,NYNGAN,Nyngan
2025-10-19T03:00,981.0,893.0,88.0,972.5,32.9,9.0,0,0.0,11.5,14,1011.0,NYNGAN,Nyngan
2025-10-19T04:00,908.0,822.0,86.0,957.8,33.6,8.3,0,0.0,10.8,360,1009.7,NYNGAN,Nyngan
2025-10-19T05:00,769.0,688.0,81.0,922.4,33.8,7.7,0,0.0,7.3,340,1009.3,NYNGAN,Nyngan
2025-10-19T06:00,580.0,506.0,74.0,859.1,33.1,6.4,0,0.0,3.3,319,1008.7,NYNGAN,Nyngan
2025-10-19T07:00,358.0,296.0,62.0,743.3,32.5,6.6,2,0.0,1.9,292,1009.1,NYNGAN,Nyngan
2025-10-19T08:00,133.0,92.0,41.0,493.1,30.8,9.1,4,0.0,1.6,243,1009.4,NYNGAN,Nyngan
2025-10-19T09:00,5.0,2.0,3.0,26.7,27.5,7.9,7,0.0,3.6,180,1010.0,NYNGAN,Nyngan
2025-10-19T10:00,0.0,0.0,0.0,0.0,24.1,7.7,6,0.0,4.6,162,1010.8,NYNGAN,Nyngan
2025-10-19T11:00,0.0,0.0,0.0,0.0,22.2,7.6,67,0.0,5.2,146,1011.6,NYNGAN,Nyngan
2025-10-19T12:00,0.0,0.0,0.0,0.0,20.9,8.8,40,0.0,5.9,101,1011.9,NYNGAN,Nyngan
2025-10-19T13:00,0.0,0.0,0.0,0.0,20.1,9.3,67,0.0,6.6,81,1011.8,NYNGAN,Nyngan
2025-10-19T14:00,0.0,0.0,0.0,0.0,19.8,9.6,17,0.0,6.5,56,1011.3,NYNGAN,Nyngan
2025-10-19T15:00,0.0,0.0,0.0,0.0,19.4,9.5,100,0.0,7.2,37,1010.6,NYNGAN,Nyngan
2025-10-19T16:00,0.0,0.0,0.0,0.0,19.7,9.9,84,0.0,7.2,27,1010.2,NYNGAN,Nyngan
2025-10-19T17:00,0.0,0.0,0.0,0.0,18.9,9.9,27,0.0,6.4,16,1010.2,NYNGAN,Nyngan
2025-10-19T18:00,0.0,0.0,0.0,0.0,18.2,9.6,30,0.0,7.5,17,1010.5,NYNGAN,Nyngan
2025-10-19T19:00,0.0,0.0,0.0,0.0,17.7,9.8,11,0.0,7.1,15,1011.0,NYNGAN,Nyngan
2025-10-19T20:00,15.0,7.0,8.0,77.3,17.5,10.2,0,0.0,9.1,18,1011.8,NYNGAN,Nyngan
2025-10-19T21:00,172.0,124.0,48.0,570.0,20.8,10.8,0,0.0,11.1,13,1012.4,NYNGAN,Nyngan
2025-10-19T22:00,398.0,330.0,68.0,772.3,24.3,12.6,0,0.0,17.2,10,1012.9,NYNGAN,Nyngan
2025-10-19T23:00,612.0,534.0,78.0,869.3,27.6,13.2,0,0.0,16.1,10,1012.6,NYNGAN,Nyngan
2025-10-20T00:00,791.0,707.0,84.0,923.2,31.5,13.3,0,0.0,19.3,9,1011.7,NYNGAN,Nyngan
2025-10-20T01:00,921.0,833.0,88.0,955.8,34.3,12.6,0,0.0,20.9,359,1010.3,NYNGAN,Nyngan
2025-10-20T02:00,983.0,894.0,89.0,967.2,36.2,9.7,0,0.0,21.1,351,1008.8,NYNGAN,Nyngan
2025-10-20T03:00,975.0,883.0,92.0,959.3,37.5,9.1,31,0.0,20.3,347,1007.1,NYNGAN,Nyngan
2025-10-20T04:00,892.0,781.0,111.0,907.8,38.3,8.1,82,0.0,19.6,343,1006.3,NYNGAN,Nyngan
2025-10-20T05:00,696.0,481.0,215.0,643.1,38.4,8.2,100,0.0,18.0,340,1005.5,NYNGAN,Nyngan
2025-10-20T06:00,541.0,401.0,140.0,678.3,37.9,7.8,53,0.0,13.0,321,1006.1,NYNGAN,Nyngan
2025-10-20T07:00,317.0,197.0,120.0,491.9,37.2,7.2,100,0.0,9.7,309,1005.9,NYNGAN,Nyngan
2025-10-20T08:00,107.0,34.0,73.0,179.8,35.6,7.6,43,0.0,4.5,284,1006.5,NYNGAN,Nyngan
2025-10-20T09:00,5.0,1.0,4.0,13.1,31.0,8.0,0,0.0,4.2,250,1007.2,NYNGAN,Nyngan
2025-10-20T10:00,0.0,0.0,0.0,0.0,27.4,7.8,0,0.0,4.6,219,1007.9,NYNGAN,Nyngan
2025-10-20T11:00,0.0,0.0,0.0,0.0,25.0,7.6,0,0.0,4.7,180,1008.6,NYNGAN,Nyngan
2025-10-20T12:00,0.0,0.0,0.0,0.0,23.5,6.3,20,0.0,10.6,190,1009.3,NYNGAN,Nyngan
2025-10-20T13:00,0.0,0.0,0.0,0.0,23.8,3.6,15,0.0,12.3,165,1009.6,NYNGAN,Nyngan
2025-10-20T14:00,0.0,0.0,0.0,0.0,23.2,2.1,55,0.0,14.1,165,1009.7,NYNGAN,Nyngan
2025-10-20T15:00,0.0,0.0,0.0,0.0,21.9,2.0,14,0.0,11.9,166,1009.4,NYNGAN,Nyngan
2025-10-20T16:00,0.0,0.0,0.0,0.0,20.2,3.0,2,0.0,11.0,169,1009.7,NYNGAN,Nyngan
2025-10-20T17:00,0.0,0.0,0.0,0.0,19.1,5.5,4,0.0,10.2,162,1009.5,NYNGAN,Nyngan
2025-10-20T18:00,0.0,0.0,0.0,0.0,18.2,6.1,44,0.0,9.6,160,1009.8,NYNGAN,Nyngan
2025-10-20T19:00,0.0,0.0,0.0,0.0,17.6,7.4,14,0.0,10.0,159,1009.9,NYNGAN,Nyngan
2025-10-20T20:00,16.0,7.0,9.0,75.7,17.4,7.5,15,0.0,9.7,153,1010.5,NYNGAN,Nyngan
2025-10-20T21:00,172.0,118.0,54.0,533.3,20.3,8.0,11,0.0,13.8,165,1011.7,NYNGAN,Nyngan
2025-10-20T22:00,396.0,323.0,73.0,749.9,23.9,8.3,13,0.0,16.8,149,1012.4,NYNGAN,Nyngan
2025-10-20T23:00,611.0,524.0,87.0,848.7,27.8,9.1,65,0.0,15.0,136,1012.3,NYNGAN,Nyngan
2025-10-21T00:00,643.0,342.0,301.0,444.9,30.9,10.3,100,0.0,10.1,117,1010.3,NYNGAN,Nyngan
2025-10-21T01:00,773.0,485.0,288.0,554.9,33.5,11.9,100,0.0,5.7,108,1009.4,NYNGAN,Nyngan
2025-10-21T02:00,796.0,403.0,393.0,434.9,35.6,12.5,26,0.0,5.4,53,1007.7,NYNGAN,Nyngan
2025-10-21T03:00,942.0,796.0,146.0,862.8,38.1,12.7,9,0.0,10.7,20,1006.2,NYNGAN,Nyngan
2025-10-21T04:00,896.0,799.0,97.0,926.5,39.6,11.7,0,0.0,15.0,11,1004.7,NYNGAN,Nyngan
2025-10-21T05:00,756.0,674.0,82.0,898.6,40.4,10.7,0,0.0,15.1,360,1003.5,NYNGAN,Nyngan
2025-10-21T06:00,444.0,333.0,111.0,561.3,39.7,8.2,100,0.0,17.4,354,1002.8,NYNGAN,Nyngan
2025-10-21T07:00,277.0,178.0,99.0,441.9,39.3,7.9,38,0.0,20.5,3,1002.6,NYNGAN,Nyngan
2025-10-21T08:00,97.0,56.0,41.0,292.3,38.0,6.9,59,0.0,16.2,13,1002.5,NYNGAN,Nyngan
2025-10-21T09:00,4.0,1.0,3.0,12.9,34.2,8.0,99,0.0,14.8,29,1002.5,NYNGAN,Nyngan
2025-10-21T10:00,0.0,0.0,0.0,0.0,33.1,9.2,100,0.0,16.6,24,1002.7,NYNGAN,Nyngan
2025-10-21T11:00,0.0,0.0,0.0,0.0,32.2,10.3,100,0.0,16.4,29,1003.4,NYNGAN,Nyngan
2025-10-21T12:00,0.0,0.0,0.0,0.0,31.5,9.1,100,0.0,17.1,25,1003.3,NYNGAN,Nyngan
2025-10-21T13:00,0.0,0.0,0.0,0.0,31.2,10.0,100,0.0,19.5,19,1002.8,NYNGAN,Nyngan
2025-10-21T14:00,0.0,0.0,0.0,0.0,30.6,10.0,100,0.0,17.6,11,1002.2,NYNGAN,Nyngan
2025-10-21T15:00,0.0,0.0,0.0,0.0,29.5,10.6,71,0.0,14.8,4,1001.5,NYNGAN,Nyngan
2025-10-21T16:00,0.0,0.0,0.0,0.0,28.8,10.5,64,0.0,16.8,15,1001.2,NYNGAN,Nyngan
2025-10-21T17:00,0.0,0.0,0.0,0.0,28.9,10.5,87,0.0,20.5,11,1000.8,NYNGAN,Nyngan
2025-10-21T18:00,0.0,0.0,0.0,0.0,27.7,10.4,79,0.0,17.6,11,1000.5,NYNGAN,Nyngan
2025-10-21T19:00,0.0,0.0,0.0,0.0,27.9,10.2,86,0.0,20.0,8,1000.6,NYNGAN,Nyngan
2025-10-21T20:00,11.0,2.0,9.0,21.2,28.5,10.2,75,0.0,23.3,8,1001.0,NYNGAN,Nyngan
2025-10-21T21:00,131.0,56.0,75.0,249.0,29.8,9.9,100,0.0,28.8,9,1001.5,NYNGAN,Nyngan
2025-10-21T22:00,251.0,95.0,156.0,218.9,31.5,10.8,100,0.0,30.3,3,1002.0,NYNGAN,Nyngan
2025-10-21T23:00,394.0,167.0,227.0,269.2,33.3,11.2,100,0.0,29.8,345,1002.6,NYNGAN,Nyngan
2025-10-22T00:00,648.0,361.0,287.0,468.0,34.7,10.5,100,0.0,29.3,318,1002.6,NYNGAN,Nyngan
2025-10-22T01:00,646.0,286.0,360.0,326.3,36.2,8.1,100,0.0,26.0,284,1002.2,NYNGAN,Nyngan
2025-10-22T02:00,741.0,380.0,361.0,409.1,35.9,8.6,100,0.0,25.3,266,1001.8,NYNGAN,Nyngan
2025-10-22T03:00,583.0,193.0,390.0,208.7,34.7,11.2,100,0.0,28.2,260,1002.1,NYNGAN,Nyngan
2025-10-22T04:00,321.0,52.0,269.0,60.2,31.1,11.5,100,0.0,25.7,255,1002.7,NYNGAN,Nyngan
2025-10-22T05:00,320.0,112.0,208.0,148.9,30.8,12.2,100,0.0,22.0,270,1003.4,NYNGAN,Nyngan
2025-10-22T06:00,315.0,108.0,207.0,181.4,28.7,13.4,97,0.0,16.9,268,1004.7,NYNGAN,Nyngan
2025-10-22T07:00,292.0,166.0,126.0,409.8,29.0,14.1,94,0.0,18.9,257,1005.1,NYNGAN,Nyngan
2025-10-22T08:00,85.0,26.0,59.0,133.9,27.8,11.8,95,0.0,17.7,246,1006.0,NYNGAN,Nyngan
2025-10-22T09:00,6.0,1.0,5.0,12.7,26.1,8.6,100,0.0,12.4,253,1007.1,NYNGAN,Nyngan
2025-10-22T10:00,0.0,0.0,0.0,0.0,24.7,4.9,40,0.0,14.8,244,1008.3,NYNGAN,Nyngan
2025-10-22T11:00,0.0,0.0,0.0,0.0,23.1,2.0,0,0.0,16.6,231,1009.7,NYNGAN,Nyngan
2025-10-22T12:00,0.0,0.0,0.0,0.0,21.2,2.9,0,0.0,14.1,218,1011.0,NYNGAN,Nyngan
2025-10-22T13:00,0.0,0.0,0.0,0.0,20.3,4.3,0,0.0,21.2,212,1011.4,NYNGAN,Nyngan
2025-10-22T14:00,0.0,0.0,0.0,0.0,19.0,4.4,0,0.0,21.7,201,1011.7,NYNGAN,Nyngan
2025-10-22T15:00,0.0,0.0,0.0,0.0,17.6,4.5,0,0.0,21.6,198,1011.9,NYNGAN,Nyngan
2025-10-22T16:00,0.0,0.0,0.0,0.0,16.3,4.7,0,0.0,20.2,196,1011.8,NYNGAN,Nyngan
2025-10-22T17:00,0.0,0.0,0.0,0.0,15.2,5.1,0,0.0,18.0,192,1012.2,NYNGAN,Nyngan
2025-10-22T18:00,0.0,0.0,0.0,0.0,13.4,5.3,0,0.0,13.9,190,1012.2,NYNGAN,Nyngan
2025-10-22T19:00,0.0,0.0,0.0,0.0,12.6,5.5,0,0.0,12.4,188,1013.3,NYNGAN,Nyngan
2025-10-22T20:00,21.0,10.0,11.0,103.9,12.1,6.0,0,0.0,11.6,185,1013.9,NYNGAN,Nyngan
2025-10-22T21:00,192.0,141.0,51.0,617.1,13.5,6.6,0,0.0,15.5,176,1015.0,NYNGAN,Nyngan
2025-10-22T22:00,426.0,346.0,80.0,791.1,14.9,6.4,0,0.0,17.3,168,1015.4,NYNGAN,Nyngan
2025-10-22T23:00,649.0,561.0,88.0,899.8,16.6,6.7,0,0.0,15.9,167,1016.0,NYNGAN,Nyngan
2025-10-23T00:00,833.0,738.0,95.0,953.4,19.0,6.8,0,0.0,15.0,170,1015.8,NYNGAN,Nyngan
2025-10-23T01:00,965.0,872.0,93.0,992.0,20.7,7.0,0,0.0,14.2,171,1015.2,NYNGAN,Nyngan
2025-10-23T02:00,1026.0,933.0,93.0,1002.0,22.2,7.6,0,0.0,13.4,188,1014.3,NYNGAN,Nyngan
2025-10-23T03:00,1017.0,923.0,94.0,995.9,23.4,7.4,5,0.0,13.9,197,1013.0,NYNGAN,Nyngan
2025-10-23T04:00,923.0,802.0,121.0,925.6,24.0,7.6,61,0.0,12.9,198,1012.0,NYNGAN,Nyngan
2025-10-23T05:00,746.0,564.0,182.0,747.8,24.2,7.3,100,0.0,12.5,198,1011.1,NYNGAN,Nyngan
2025-10-23T06:00,426.0,155.0,271.0,259.4,24.1,5.5,100,0.0,13.2,209,1011.1,NYNGAN,Nyngan
2025-10-23T07:00,290.0,142.0,148.0,348.5,23.6,5.0,37,0.0,12.4,202,1010.9,NYNGAN,Nyngan
2025-10-23T08:00,144.0,99.0,45.0,503.4,22.6,4.6,0,0.0,11.6,202,1011.8,NYNGAN,Nyngan
2025-10-23T09:00,7.0,3.0,4.0,37.3,19.2,5.3,0,0.0,8.1,193,1012.2,NYNGAN,Nyngan
2025-10-23T10:00,0.0,0.0,0.0,0.0,17.5,5.4,0,0.0,7.3,189,1013.2,NYNGAN,Nyngan
2025-10-23T11:00,0.0,0.0,0.0,0.0,16.2,5.2,0,0.0,7.3,200,1014.0,NYNGAN,Nyngan
2025-10-23T12:00,0.0,0.0,0.0,0.0,15.3,3.1,0,0.0,7.6,199,1014.5,NYNGAN,Nyngan
2025-10-23T13:00,0.0,0.0,0.0,0.0,14.4,3.2,0,0.0,8.4,205,1014.7,NYNGAN,Nyngan
2025-10-23T14:00,0.0,0.0,0.0,0.0,13.7,3.5,0,0.0,9.7,207,1014.7,NYNGAN,Nyngan
2025-10-23T15:00,0.0,0.0,0.0,0.0,13.2,3.0,0,0.0,10.6,204,1014.6,NYNGAN,Nyngan
2025-10-23T16:00,0.0,0.0,0.0,0.0,12.7,2.5,0,0.0,10.5,202,1014.3,NYNGAN,Nyngan
2025-10-23T17:00,0.0,0.0,0.0,0.0,12.1,2.5,0,0.0,10.5,202,1014.5,NYNGAN,Nyngan
2025-10-23T18:00,0.0,0.0,0.0,0.0,11.1,1.8,0,0.0,10.5,202,1014.2,NYNGAN,Nyngan
2025-10-23T19:00,0.0,0.0,0.0,0.0,10.5,1.6,0,0.0,10.4,200,1014.9,NYNGAN,Nyngan
2025-10-23T20:00,22.0,11.0,11.0,112.1,10.3,1.7,0,0.0,10.2,198,1015.8,NYNGAN,Nyngan
2025-10-23T21:00,198.0,146.0,52.0,629.3,12.9,2.2,0,0.0,12.2,194,1017.0,NYNGAN,Nyngan
2025-10-23T22:00,436.0,364.0,72.0,826.2,15.8,3.2,0,0.0,13.6,191,1017.9,NYNGAN,Nyngan
2025-10-23T23:00,660.0,577.0,83.0,921.2,18.5,3.9,0,0.0,14.8,186,1017.9,NYNGAN,Nyngan
2025-10-24T00:00,845.0,755.0,90.0,972.1,21.4,2.6,0,0.0,17.0,185,1017.8,NYNGAN,Nyngan
2025-10-24T01:00,980.0,886.0,94.0,1005.2,23.0,1.9,0,0.0,16.8,189,1016.9,NYNGAN,Nyngan
2025-10-24T02:00,1041.0,946.0,95.0,1013.6,24.5,1.4,0,0.0,16.6,193,1016.0,NYNGAN,Nyngan
2025-10-24T03:00,1031.0,937.0,94.0,1008.8,25.5,0.2,0,0.0,16.4,199,1014.9,NYNGAN,Nyngan
2025-10-24T04:00,952.0,860.0,92.0,990.3,26.1,-0.1,6,0.0,17.0,201,1014.2,NYNGAN,Nyngan
2025-10-24T05:00,808.0,717.0,91.0,948.2,26.2,-0.8,51,0.0,17.6,203,1013.8,NYNGAN,Nyngan
2025-10-24T06:00,613.0,530.0,83.0,883.7,25.9,-1.8,16,0.0,17.6,206,1014.0,NYNGAN,Nyngan
2025-10-24T07:00,376.0,291.0,85.0,710.2,24.9,-1.1,99,0.0,15.9,198,1013.9,NYNGAN,Nyngan
2025-10-24T08:00,140.0,78.0,62.0,391.6,23.5,-0.8,18,0.0,11.6,187,1013.8,NYNGAN,Nyngan
2025-10-24T09:00,8.0,3.0,5.0,36.7,19.7,0.2,100,0.0,7.2,174,1014.7,NYNGAN,Nyngan
2025-10-24T10:00,0.0,0.0,0.0,0.0,18.1,0.7,100,0.0,6.8,162,1015.7,NYNGAN,Nyngan
2025-10-24T11:00,0.0,0.0,0.0,0.0,17.1,1.5,100,0.0,5.8,150,1016.3,NYNGAN,Nyngan
2025-10-24T12:00,0.0,0.0,0.0,0.0,15.5,0.9,100,0.0,5.2,155,1017.3,NYNGAN,Nyngan
2025-10-24T13:00,0.0,0.0,0.0,0.0,14.5,1.4,100,0.0,4.3,180,1017.1,NYNGAN,Nyngan
2025-10-24T14:00,0.0,0.0,0.0,0.0,13.6,1.8,100,0.0,4.5,194,1017.3,NYNGAN,Nyngan
2025-10-24T15:00,0.0,0.0,0.0,0.0,12.6,2.2,42,0.0,4.5,194,1016.5,NYNGAN,Nyngan
2025-10-24T16:00,0.0,0.0,0.0,0.0,11.9,2.1,100,0.0,4.8,207,1016.3,NYNGAN,Nyngan
2025-10-24T17:00,0.0,0.0,0.0,0.0,11.7,2.2,93,0.0,3.9,202,1016.2,NYNGAN,Nyngan
2025-10-24T18:00,0.0,0.0,0.0,0.0,11.9,2.0,100,0.0,3.9,158,1016.1,NYNGAN,Nyngan
2025-10-24T19:00,0.0,0.0,0.0,0.0,12.2,2.6,100,0.0,2.9,150,1016.4,NYNGAN,Nyngan
2025-10-24T20:00,7.0,0.0,7.0,0.0,12.9,3.0,100,0.0,3.0,104,1016.9,NYNGAN,Nyngan
2025-10-24T21:00,52.0,0.0,52.0,0.0,14.2,3.6,100,0.0,4.6,72,1017.3,NYNGAN,Nyngan
2025-10-24T22:00,133.0,4.0,129.0,9.0,16.3,3.7,100,0.0,6.5,56,1017.5,NYNGAN,Nyngan
2025-10-24T23:00,256.0,19.0,237.0,30.2,18.6,4.0,100,0.0,7.9,39,1017.5,NYNGAN,Nyngan
2025-10-25T00:00,442.0,86.0,356.0,110.4,20.3,3.9,100,0.0,6.4,38,1017.0,NYNGAN,Nyngan
2025-10-25T01:00,607.0,267.0,340.0,302.1,23.2,3.2,79,0.0,6.4,27,1016.4,NYNGAN,Nyngan
2025-10-25T02:00,577.0,275.0,302.0,294.0,24.2,2.9,87,0.0,8.3,5,1015.3,NYNGAN,Nyngan
2025-10-25T03:00,652.0,261.0,391.0,280.4,25.1,2.5,96,0.0,9.0,355,1014.3,NYNGAN,Nyngan
2025-10-25T04:00,633.0,238.0,395.0,273.4,25.7,1.7,100,0.0,6.7,344,1013.9,NYNGAN,Nyngan
2025-10-25T05:00,604.0,298.0,306.0,393.0,26.0,1.3,100,0.0,6.8,335,1013.4,NYNGAN,Nyngan
2025-10-25T06:00,448.0,184.0,264.0,305.7,25.5,0.2,100,0.0,4.9,343,1012.6,NYNGAN,Nyngan
2025-10-25T07:00,225.0,33.0,192.0,80.1,24.8,-0.4,100,0.0,4.4,351,1012.4,NYNGAN,Nyngan
2025-10-25T08:00,95.0,12.0,83.0,59.5,24.0,1.0,100,0.0,3.3,6,1012.4,NYNGAN,Nyngan
2025-10-25T09:00,5.0,0.0,5.0,0.0,21.9,1.5,100,0.0,3.8,41,1013.0,NYNGAN,Nyngan
2025-10-25T10:00,0.0,0.0,0.0,0.0,20.3,1.6,100,0.0,5.9,47,1013.3,NYNGAN,Nyngan
2025-10-25T11:00,0.0,0.0,0.0,0.0,19.6,1.6,100,0.0,6.1,50,1013.4,NYNGAN,Nyngan
2025-10-25T12:00,0.0,0.0,0.0,0.0,18.8,1.3,100,0.0,6.9,47,1013.3,NYNGAN,Nyngan
2025-10-25T13:00,0.0,0.0,0.0,0.0,18.0,1.4,100,0.0,6.9,47,1012.9,NYNGAN,Nyngan
2025-10-25T14:00,0.0,0.0,0.0,0.0,17.5,1.9,99,0.0,6.6,45,1012.1,NYNGAN,Nyngan
2025-10-25T15:00,0.0,0.0,0.0,0.0,17.3,2.0,96,0.0,6.0,33,1011.0,NYNGAN,Nyngan
2025-10-25T16:00,0.0,0.0,0.0,0.0,17.2,2.4,100,0.0,6.6,45,1010.1,NYNGAN,Nyngan
2025-10-25T17:00,0.0,0.0,0.0,0.0,17.0,2.6,100,0.0,7.4,39,1009.5,NYNGAN,Nyngan
2025-10-25T18:00,0.0,0.0,0.0,0.0,17.0,2.6,93,0.0,8.4,20,1009.0,NYNGAN,Nyngan
2025-10-25T19:00,0.0,0.0,0.0,0.0,16.8,2.0,73,0.0,9.0,23,1008.9,NYNGAN,Nyngan
2025-10-25T20:00,12.0,2.0,10.0,19.7,16.9,2.5,89,0.0,9.2,21,1008.6,NYNGAN,Nyngan
2025-10-25T21:00,148.0,65.0,83.0,272.2,19.1,3.3,76,0.0,11.5,14,1008.7,NYNGAN,Nyngan
2025-10-25T22:00,361.0,230.0,131.0,514.8,22.3,3.4,90,0.0,15.8,1,1009.0,NYNGAN,Nyngan
2025-10-25T23:00,447.0,181.0,266.0,286.4,24.7,3.4,98,0.0,18.5,353,1008.7,NYNGAN,Nyngan
2025-10-26T00:00,346.0,30.0,316.0,38.4,25.1,4.2,100,0.0,20.1,345,1007.9,NYNGAN,Nyngan
2025-10-26T01:00,348.0,38.0,310.0,42.9,26.1,4.5,100,0.0,23.4,331,1007.3,NYNGAN,Nyngan
2025-10-26T02:00,375.0,39.0,336.0,41.6,25.7,6.3,100,0.0,24.0,313,1006.1,NYNGAN,Nyngan
2025-10-26T03:00,515.0,209.0,306.0,224.1,27.8,9.6,65,0.0,22.2,306,1004.3,NYNGAN,Nyngan
2025-10-26T04:00,692.0,427.0,265.0,489.5,29.2,11.2,41,0.0,25.7,304,1003.3,NYNGAN,Nyngan
2025-10-26T05:00,708.0,521.0,187.0,685.4,30.1,11.1,36,0.0,27.1,292,1002.4,NYNGAN,Nyngan
2025-10-26T06:00,487.0,333.0,154.0,551.4,30.3,10.3,50,0.0,30.3,283,1002.1,NYNGAN,Nyngan
2025-10-26T07:00,299.0,184.0,115.0,444.1,29.9,10.4,84,0.0,29.3,276,1001.8,NYNGAN,Nyngan
2025-10-26T08:00,112.0,55.0,57.0,269.2,28.7,11.3,42,0.0,24.1,271,1002.3,NYNGAN,Nyngan
2025-10-26T09:00,7.0,2.0,5.0,23.7,26.9,12.1,44,0.0,14.8,270,1002.7,NYNGAN,Nyngan
2025-10-26T10:00,0.0,0.0,0.0,0.0,25.0,12.5,76,0.0,10.1,268,1003.5,NYNGAN,Nyngan
2025-10-26T11:00,0.0,0.0,0.0,0.0,24.2,12.8,66,0.0,9.3,286,1003.6,NYNGAN,Nyngan
2025-10-26T12:00,0.0,0.0,0.0,0.0,23.0,12.0,70,0.0,9.4,293,1003.7,NYNGAN,Nyngan
2025-10-26T13:00,0.0,0.0,0.0,0.0,22.0,11.7,36,0.0,10.1,287,1003.2,NYNGAN,Nyngan
2025-10-26T14:00,0.0,0.0,0.0,0.0,21.1,10.5,61,0.0,10.7,282,1003.4,NYNGAN,Nyngan
2025-10-26T15:00,0.0,0.0,0.0,0.0,21.0,9.0,69,0.0,11.1,283,1002.4,NYNGAN,Nyngan
2025-10-26T16:00,0.0,0.0,0.0,0.0,21.0,7.9,61,0.0,14.9,278,1002.2,NYNGAN,Nyngan
2025-10-26T17:00,0.0,0.0,0.0,0.0,20.2,6.8,0,0.0,12.8,259,1002.5,NYNGAN,Nyngan
2025-10-26T18:00,0.0,0.0,0.0,0.0,15.9,7.7,0,0.0,8.2,209,1003.2,NYNGAN,Nyngan
2025-10-26T19:00,0.0,0.0,0.0,0.0,14.1,10.3,0,0.0,8.2,218,1004.5,NYNGAN,Nyngan
2025-10-26T20:00,25.0,12.0,13.0,116.1,13.7,12.3,7,0.0,9.7,228,1005.7,NYNGAN,Nyngan
2025-10-26T21:00,196.0,134.0,62.0,553.5,17.0,13.0,35,0.0,13.7,215,1007.0,NYNGAN,Nyngan
2025-10-26T22:00,414.0,304.0,110.0,676.0,19.9,13.1,45,0.0,16.7,199,1007.4,NYNGAN,Nyngan
2025-10-26T23:00,631.0,496.0,135.0,781.6,22.0,11.4,8,0.0,17.2,196,1007.7,NYNGAN,Nyngan
2025-10-27T00:00,830.0,724.0,106.0,923.3,23.7,7.3,12,0.0,20.6,209,1007.2,NYNGAN,Nyngan
2025-10-27T01:00,954.0,813.0,141.0,915.5,24.8,6.5,34,0.0,21.4,222,1006.9,NYNGAN,Nyngan
2025-10-27T02:00,984.0,741.0,243.0,788.8,25.6,6.2,50,0.0,21.9,226,1006.9,NYNGAN,Nyngan
2025-10-27T03:00,979.0,732.0,247.0,783.1,26.1,5.6,95,0.0,21.9,229,1006.2,NYNGAN,Nyngan
2025-10-27T04:00,735.0,329.0,406.0,376.3,25.6,6.2,100,0.0,19.8,233,1006.5,NYNGAN,Nyngan
2025-10-27T05:00,502.0,81.0,421.0,106.3,25.1,5.8,100,0.0,18.5,241,1006.7,NYNGAN,Nyngan
2025-10-27T06:00,322.0,17.0,305.0,28.1,25.1,4.8,100,0.0,15.2,239,1007.2,NYNGAN,Nyngan
2025-10-27T07:00,221.0,25.0,196.0,60.0,24.5,5.3,84,0.0,13.5,226,1007.2,NYNGAN,Nyngan
2025-10-27T08:00,93.0,17.0,76.0,82.2,23.7,5.5,100,0.0,10.2,219,1008.1,NYNGAN,Nyngan
2025-10-27T09:00,6.0,0.0,6.0,0.0,20.8,6.3,89,0.0,5.2,214,1008.6,NYNGAN,Nyngan
2025-10-27T10:00,0.0,0.0,0.0,0.0,19.5,6.6,100,0.0,4.0,180,1009.6,NYNGAN,Nyngan
2025-10-27T11:00,0.0,0.0,0.0,0.0,18.8,6.6,83,0.0,7.8,158,1009.9,NYNGAN,Nyngan
2025-10-27T12:00,0.0,0.0,0.0,0.0,18.9,5.0,83,0.0,11.5,141,1010.4,NYNGAN,Nyngan
2025-10-27T13:00,0.0,0.0,0.0,0.0,18.1,5.3,91,0.0,11.7,135,1010.4,NYNGAN,Nyngan
2025-10-27T14:00,0.0,0.0,0.0,0.0,17.5,5.7,93,0.0,12.3,142,1010.1,NYNGAN,Nyngan
2025-10-27T15:00,0.0,0.0,0.0,0.0,16.7,5.9,77,0.0,12.5,134,1009.4,NYNGAN,Nyngan
2025-10-27T16:00,0.0,0.0,0.0,0.0,16.6,8.0,88,0.0,21.4,110,1009.6,NYNGAN,Nyngan
2025-10-27T17:00,0.0,0.0,0.0,0.0,15.5,8.5,90,0.0,25.0,102,1010.0,NYNGAN,Nyngan
2025-10-27T18:00,0.0,0.0,0.0,0.0,14.9,7.9,98,0.0,23.5,101,1010.9,NYNGAN,Nyngan
2025-10-27T19:00,0.0,0.0,0.0,0.0,14.5,7.6,100,0.0,23.2,96,1011.6,NYNGAN,Nyngan
2025-10-27T20:00,8.0,0.0,8.0,0.0,14.6,7.4,100,0.0,22.8,95,1012.5,NYNGAN,Nyngan
2025-10-27T21:00,35.0,0.0,35.0,0.0,14.3,7.8,100,0.0,24.9,92,1013.4,NYNGAN,Nyngan
2025-10-27T22:00,174.0,24.0,150.0,53.0,14.6,9.2,98,0.2,28.1,89,1014.0,NYNGAN,Nyngan
2025-10-27T23:00,419.0,176.0,243.0,276.2,15.8,9.6,77,0.2,27.4,88,1014.4,NYNGAN,Nyngan
2025-10-28T00:00,584.0,290.0,294.0,368.8,17.3,10.4,84,0.5,28.4,89,1013.5,NYNGAN,Nyngan
2025-10-28T01:00,667.0,274.0,393.0,307.8,19.8,10.2,90,0.0,26.1,66,1013.0,NYNGAN,Nyngan
2025-10-28T02:00,637.0,217.0,420.0,230.5,21.3,10.4,100,0.0,24.1,58,1012.4,NYNGAN,Nyngan
2025-10-28T03:00,624.0,249.0,375.0,265.9,20.0,12.3,100,0.9,21.4,54,1012.5,NYNGAN,Nyngan
2025-10-28T04:00,474.0,99.0,375.0,113.0,19.1,12.8,100,0.9,18.3,68,1012.0,NYNGAN,Nyngan
2025-10-28T05:00,323.0,39.0,284.0,51.0,18.0,13.5,100,2.0,19.9,86,1011.7,NYNGAN,Nyngan
2025-10-28T06:00,153.0,7.0,146.0,11.5,17.2,13.5,100,1.9,20.0,98,1011.3,NYNGAN,Nyngan
2025-10-28T07:00,90.0,3.0,87.0,7.2,16.6,12.7,100,1.3,20.1,100,1012.0,NYNGAN,Nyngan
2025-10-28T08:00,28.0,1.0,27.0,4.8,15.6,11.4,100,0.4,18.2,104,1012.8,NYNGAN,Nyngan
2025-10-28T09:00,2.0,0.0,2.0,0.0,14.4,11.1,100,1.7,18.2,108,1013.7,NYNGAN,Nyngan
2025-10-28T10:00,0.0,0.0,0.0,0.0,13.5,10.5,100,0.0,18.6,105,1014.5,NYNGAN,Nyngan
2025-10-28T11:00,0.0,0.0,0.0,0.0,13.0,10.4,74,0.0,16.2,107,1014.8,NYNGAN,Nyngan
2025-10-28T12:00,0.0,0.0,0.0,0.0,12.3,10.0,67,0.0,15.6,113,1015.1,NYNGAN,Nyngan
2025-10-28T13:00,0.0,0.0,0.0,0.0,11.9,9.6,63,0.0,13.2,119,1014.9,NYNGAN,Nyngan
2025-10-28T14:00,0.0,0.0,0.0,0.0,11.6,9.8,75,0.0,9.5,127,1015.0,NYNGAN,Nyngan
2025-10-28T15:00,0.0,0.0,0.0,0.0,11.7,9.8,90,0.0,8.7,138,1014.3,NYNGAN,Nyngan
2025-10-28T16:00,0.0,0.0,0.0,0.0,11.9,9.8,91,0.0,9.4,140,1014.0,NYNGAN,Nyngan
2025-10-28T17:00,0.0,0.0,0.0,0.0,12.1,9.8,86,0.1,9.9,147,1013.9,NYNGAN,Nyngan
2025-10-28T18:00,0.0,0.0,0.0,0.0,11.6,10.0,86,0.2,9.1,146,1014.0,NYNGAN,Nyngan
2025-10-28T19:00,0.0,0.0,0.0,0.0,11.7,9.9,88,0.0,9.4,140,1014.8,NYNGAN,Nyngan
2025-10-28T20:00,16.0,2.0,14.0,18.8,11.8,10.2,88,0.0,8.9,137,1015.1,NYNGAN,Nyngan
2025-10-28T21:00,132.0,47.0,85.0,189.2,12.9,10.6,88,0.0,9.4,137,1015.7,NYNGAN,Nyngan
2025-10-28T22:00,279.0,98.0,181.0,215.2,14.3,11.3,93,0.0,8.7,132,1015.9,NYNGAN,Nyngan
2025-10-28T23:00,403.0,162.0,241.0,253.3,16.3,12.0,92,0.0,7.7,118,1016.0,NYNGAN,Nyngan
2025-10-29T00:00,378.0,107.0,271.0,135.7,17.9,11.9,91,0.0,6.6,131,1015.5,NYNGAN,Nyngan
2025-10-29T01:00,595.0,295.0,300.0,330.7,19.4,11.7,81,0.0,2.9,120,1014.9,NYNGAN,Nyngan
2025-10-29T02:00,651.0,347.0,304.0,367.9,20.5,11.4,81,0.0,0.8,207,1014.0,NYNGAN,Nyngan
2025-10-29T03:00,792.0,535.0,257.0,570.1,21.8,11.2,74,0.0,3.1,234,1013.2,NYNGAN,Nyngan
2025-10-29T04:00,705.0,489.0,216.0,557.0,22.4,10.5,63,0.0,3.9,236,1012.7,NYNGAN,Nyngan
2025-10-29T05:00,691.0,488.0,203.0,637.1,23.2,10.3,47,0.0,5.5,238,1012.5,NYNGAN,Nyngan
2025-10-29T06:00,509.0,359.0,150.0,588.4,24.0,8.8,67,0.0,8.8,251,1011.7,NYNGAN,Nyngan
2025-10-29T07:00,328.0,209.0,119.0,496.2,23.4,8.7,41,0.0,9.2,244,1011.9,NYNGAN,Nyngan
2025-10-29T08:00,143.0,82.0,61.0,386.8,22.7,8.4,30,0.0,6.9,231,1012.0,NYNGAN,Nyngan
2025-10-29T09:00,11.0,4.0,7.0,45.2,20.3,9.5,25,0.0,4.9,216,1012.8,NYNGAN,Nyngan
2025-10-29T10:00,0.0,0.0,0.0,0.0,18.4,10.0,20,0.0,3.9,202,1013.5,NYNGAN,Nyngan
2025-10-29T11:00,0.0,0.0,0.0,0.0,17.2,10.3,58,0.0,4.0,180,1014.1,NYNGAN,Nyngan
2025-10-29T12:00,0.0,0.0,0.0,0.0,15.9,10.4,75,0.0,5.9,128,1015.2,NYNGAN,Nyngan
2025-10-29T13:00,0.0,0.0,0.0,0.0,15.6,11.1,94,0.0,5.4,110,1014.9,NYNGAN,Nyngan
2025-10-29T14:00,0.0,0.0,0.0,0.0,15.4,11.7,100,0.0,4.8,103,1015.0,NYNGAN,Nyngan
2025-10-29T15:00,0.0,0.0,0.0,0.0,14.7,11.7,69,0.0,5.6,105,1014.3,NYNGAN,Nyngan
2025-10-29T16:00,0.0,0.0,0.0,0.0,14.0,11.5,47,0.0,4.6,108,1014.3,NYNGAN,Nyngan
2025-10-29T17:00,0.0,0.0,0.0,0.0,13.2,11.4,50,0.0,3.3,131,1014.2,NYNGAN,Nyngan
2025-10-29T18:00,0.0,0.0,0.0,0.0,11.7,10.8,58,0.0,4.1,135,1014.6,NYNGAN,Nyngan
2025-10-29T19:00,0.0,0.0,0.0,0.0,11.1,10.3,56,0.0,4.6,141,1015.1,NYNGAN,Nyngan
2025-10-29T20:00,28.0,11.0,17.0,101.6,11.1,10.4,38,0.0,4.8,138,1016.3,NYNGAN,Nyngan
2025-10-29T21:00,203.0,137.0,66.0,545.0,13.7,11.6,11,0.0,5.9,128,1016.6,NYNGAN,Nyngan
2025-10-29T22:00,436.0,352.0,84.0,768.4,17.3,12.8,7,0.0,5.4,110,1017.3,NYNGAN,Nyngan
2025-10-29T23:00,653.0,547.0,106.0,851.9,20.4,13.1,18,0.0,3.6,84,1016.9,NYNGAN,Nyngan
2025-10-30T00:00,806.0,658.0,148.0,832.1,23.8,11.2,37,0.0,2.5,278,1016.8,NYNGAN,Nyngan
2025-10-30T01:00,856.0,633.0,223.0,708.0,25.1,8.1,67,0.0,6.7,254,1015.6,NYNGAN,Nyngan
2025-10-30T02:00,896.0,614.0,282.0,649.7,25.9,7.5,50,0.0,8.0,252,1014.8,NYNGAN,Nyngan
2025-10-30T03:00,870.0,574.0,296.0,610.6,26.4,6.9,57,0.0,8.1,249,1013.6,NYNGAN,Nyngan
2025-10-30T04:00,812.0,610.0,202.0,693.5,26.8,6.8,67,0.0,8.6,248,1012.9,NYNGAN,Nyngan
2025-10-30T05:00,754.0,582.0,172.0,758.0,27.1,6.5,65,0.0,10.3,245,1012.4,NYNGAN,Nyngan
2025-10-30T06:00,569.0,416.0,153.0,679.5,27.3,5.5,21,0.0,9.9,237,1012.7,NYNGAN,Nyngan
2025-10-30T07:00,350.0,247.0,103.0,583.2,26.5,4.8,100,0.0,8.7,232,1013.1,NYNGAN,Nyngan
2025-10-30T08:00,110.0,23.0,87.0,107.2,25.6,5.7,100,0.0,3.8,229,1013.4,NYNGAN,Nyngan
2025-10-30T09:00,8.0,0.0,8.0,0.0,23.9,8.7,100,0.0,0.8,63,1013.8,NYNGAN,Nyngan
2025-10-30T10:00,0.0,0.0,0.0,0.0,22.4,7.0,100,0.0,4.2,59,1014.3,NYNGAN,Nyngan
2025-10-30T11:00,0.0,0.0,0.0,0.0,20.6,7.6,100,0.0,5.2,65,1014.7,NYNGAN,Nyngan
2025-10-30T12:00,0.0,0.0,0.0,0.0,18.9,8.8,100,0.0,6.2,54,1015.5,NYNGAN,Nyngan
2025-10-30T13:00,0.0,0.0,0.0,0.0,17.9,8.7,100,0.0,5.1,45,1015.6,NYNGAN,Nyngan
2025-10-30T14:00,0.0,0.0,0.0,0.0,16.8,8.5,100,0.0,5.9,52,1015.3,NYNGAN,Nyngan
2025-10-30T15:00,0.0,0.0,0.0,0.0,16.0,8.2,15,0.0,5.5,58,1014.7,NYNGAN,Nyngan
2025-10-30T16:00,0.0,0.0,0.0,0.0,14.9,7.9,17,0.0,6.1,62,1014.6,NYNGAN,Nyngan
2025-10-30T17:00,0.0,0.0,0.0,0.0,14.1,7.9,0,0.0,6.4,63,1014.7,NYNGAN,Nyngan
2025-10-30T18:00,0.0,0.0,0.0,0.0,13.7,8.1,23,0.0,5.5,67,1015.1,NYNGAN,Nyngan
2025-10-30T19:00,0.0,0.0,0.0,0.0,13.5,8.1,32,0.0,5.4,70,1015.4,NYNGAN,Nyngan
2025-10-30T20:00,27.0,11.0,16.0,100.2,13.9,8.7,44,0.0,6.3,66,1016.1,NYNGAN,Nyngan
2025-10-30T21:00,189.0,120.0,69.0,471.9,17.4,9.8,50,0.0,8.0,54,1016.4,NYNGAN,Nyngan
2025-10-30T22:00,407.0,294.0,113.0,638.2,21.2,9.8,32,0.0,10.8,37,1016.8,NYNGAN,Nyngan
2025-10-30T23:00,631.0,501.0,130.0,777.5,24.6,10.1,100,0.0,14.7,31,1016.3,NYNGAN,Nyngan
2025-10-31T00:00,732.0,474.0,258.0,597.9,28.2,7.4,100,0.0,17.3,21,1015.5,NYNGAN,Nyngan
2025-10-31T01:00,623.0,195.0,428.0,217.6,28.7,6.7,100,0.0,18.4,3,1015.0,NYNGAN,Nyngan
2025-10-31T02:00,393.0,36.0,357.0,38.0,28.5,6.5,100,0.0,17.6,334,1015.1,NYNGAN,Nyngan
2025-10-31T03:00,326.0,16.0,310.0,17.0,27.5,7.9,100,0.1,16.9,326,1014.7,NYNGAN,Nyngan
2025-10-31T04:00,469.0,131.0,338.0,148.6,28.2,6.9,100,0.0,16.5,306,1014.2,NYNGAN,Nyngan
2025-10-31T05:00,375.0,85.0,290.0,110.4,27.1,7.0,100,0.0,12.6,307,1014.3,NYNGAN,Nyngan
2025-10-31T06:00,267.0,52.0,215.0,84.7,26.5,7.5,100,0.0,11.8,31,1013.2,NYNGAN,Nyngan
2025-10-31T07:00,181.0,28.0,153.0,65.8,25.9,7.0,100,0.0,17.5,53,1012.8,NYNGAN,Nyngan
2025-10-31T08:00,106.0,36.0,70.0,165.8,25.5,6.2,58,0.0,15.0,63,1012.5,NYNGAN,Nyngan
2025-10-31T09:00,10.0,3.0,7.0,32.9,23.1,7.2,46,0.0,9.8,54,1013.0,NYNGAN,Nyngan
2025-10-31T10:00,0.0,0.0,0.0,0.0,21.4,7.9,41,0.0,14.5,46,1012.6,NYNGAN,Nyngan
2025-10-31T11:00,0.0,0.0,0.0,0.0,21.0,8.3,43,0.0,15.5,46,1012.2,NYNGAN,Nyngan
2025-10-31T12:00,0.0,0.0,0.0,0.0,20.4,8.4,59,0.0,15.3,41,1011.9,NYNGAN,Nyngan
2025-10-31T13:00,0.0,0.0,0.0,0.0,20.1,8.1,59,0.0,14.8,47,1011.6,NYNGAN,Nyngan
2025-10-31T14:00,0.0,0.0,0.0,0.0,19.3,8.3,17,0.0,11.7,56,1011.2,NYNGAN,Nyngan
2025-10-31T15:00,0.0,0.0,0.0,0.0,17.8,8.7,35,0.0,6.9,99,1010.7,NYNGAN,Nyngan
2025-10-31T16:00,0.0,0.0,0.0,0.0,16.9,8.6,35,0.0,5.0,111,1010.7,NYNGAN,Nyngan
2025-10-31T17:00,0.0,0.0,0.0,0.0,16.2,8.7,40,0.0,7.0,102,1011.1,NYNGAN,Nyngan
2025-10-31T18:00,0.0,0.0,0.0,0.0,15.8,9.4,45,0.0,8.0,100,1011.9,NYNGAN,Nyngan
2025-10-31T19:00,0.0,0.0,0.0,0.0,15.9,9.5,65,0.0,8.1,122,1012.5,NYNGAN,Nyngan
2025-10-31T20:00,23.0,8.0,15.0,71.9,16.7,10.3,60,0.0,10.7,123,1012.3,NYNGAN,Nyngan
2025-10-31T21:00,180.0,112.0,68.0,435.7,19.6,11.1,55,0.0,13.0,93,1012.8,NYNGAN,Nyngan
2025-10-31T22:00,392.0,283.0,109.0,611.0,22.6,12.5,59,0.0,16.7,71,1012.5,NYNGAN,Nyngan
2025-10-31T23:00,585.0,400.0,185.0,618.7,24.7,15.3,47,0.0,18.5,53,1012.5,NYNGAN,Nyngan
2025-11-01T00:00,761.0,539.0,222.0,678.2,28.1,15.4,0,0.0,12.2,24,1011.2,NYNGAN,Nyngan
2025-11-01T01:00,953.0,854.0,99.0,951.3,30.2,16.2,3,0.0,7.9,3,1010.1,NYNGAN,Nyngan
2025-11-01T02:00,1018.0,922.0,96.0,972.1,31.7,15.7,0,0.0,4.2,290,1008.7,NYNGAN,Nyngan
2025-11-01T03:00,1014.0,920.0,94.0,975.1,33.3,14.3,0,0.0,8.7,232,1007.7,NYNGAN,Nyngan
2025-11-01T04:00,941.0,850.0,91.0,962.5,34.2,12.5,0,0.0,11.8,218,1007.0,NYNGAN,Nyngan
2025-11-01T05:00,806.0,720.0,86.0,933.2,34.5,9.7,0,0.0,12.6,211,1006.5,NYNGAN,Nyngan
2025-11-01T06:00,620.0,541.0,79.0,877.8,34.1,7.2,0,0.0,12.7,209,1006.6,NYNGAN,Nyngan
2025-11-01T07:00,400.0,332.0,68.0,775.5,33.3,5.7,0,0.0,11.7,198,1006.7,NYNGAN,Nyngan
2025-11-01T08:00,170.0,122.0,48.0,555.2,32.1,6.3,0,0.0,8.0,190,1006.8,NYNGAN,Nyngan
2025-11-01T09:00,14.0,6.0,8.0,64.9,29.0,7.5,0,0.0,5.9,191,1007.5,NYNGAN,Nyngan
2025-11-01T10:00,0.0,0.0,0.0,0.0,24.8,8.3,0,0.0,6.6,202,1008.3,NYNGAN,Nyngan
2025-11-01T11:00,0.0,0.0,0.0,0.0,22.9,7.5,2,0.0,8.2,195,1008.9,NYNGAN,Nyngan
2025-11-01T12:00,0.0,0.0,0.0,0.0,21.5,12.9,0,0.0,9.2,116,1009.7,NYNGAN,Nyngan
2025-11-01T13:00,0.0,0.0,0.0,0.0,20.8,15.6,0,0.0,10.7,102,1010.1,NYNGAN,Nyngan
2025-11-01T14:00,0.0,0.0,0.0,0.0,20.0,14.8,0,0.0,10.0,111,1010.1,NYNGAN,Nyngan
2025-11-01T15:00,0.0,0.0,0.0,0.0,18.9,14.5,0,0.0,8.4,121,1009.6,NYNGAN,Nyngan
2025-11-01T16:00,0.0,0.0,0.0,0.0,17.9,14.4,0,0.0,8.2,131,1009.5,NYNGAN,Nyngan
2025-11-01T17:00,0.0,0.0,0.0,0.0,17.3,14.5,0,0.0,7.9,129,1009.7,NYNGAN,Nyngan
2025-11-01T18:00,0.0,0.0,0.0,0.0,16.6,13.9,0,0.0,8.2,119,1009.7,NYNGAN,Nyngan
2025-11-01T19:00,0.0,0.0,0.0,0.0,16.3,14.1,22,0.0,7.8,112,1010.4,NYNGAN,Nyngan
2025-11-01T20:00,32.0,14.0,18.0,124.3,16.9,14.6,31,0.0,7.5,107,1011.1,NYNGAN,Nyngan
2025-11-01T21:00,204.0,129.0,75.0,496.7,20.3,15.3,39,0.0,9.7,88,1011.7,NYNGAN,Nyngan
2025-11-01T22:00,418.0,284.0,134.0,610.1,23.4,16.5,47,0.0,13.8,62,1011.5,NYNGAN,Nyngan
2025-11-01T23:00,617.0,433.0,184.0,667.5,25.8,17.7,48,0.0,13.5,48,1011.1,NYNGAN,Nyngan
2025-11-02T00:00,826.0,695.0,131.0,872.4,28.7,17.3,0,0.0,7.5,35,1011.1,NYNGAN,Nyngan
2025-11-02T01:00,962.0,867.0,95.0,963.9,30.9,17.6,0,0.0,4.9,36,1010.0,NYNGAN,Nyngan
2025-11-02T02:00,1023.0,928.0,95.0,976.8,32.8,17.0,0,0.0,3.3,41,1008.8,NYNGAN,Nyngan
2025-11-02T03:00,1016.0,917.0,99.0,970.3,34.2,11.9,11,0.0,2.9,30,1006.8,NYNGAN,Nyngan
2025-11-02T04:00,941.0,837.0,104.0,946.0,34.8,11.2,0,0.0,3.6,37,1005.4,NYNGAN,Nyngan
2025-11-02T05:00,806.0,716.0,90.0,925.9,34.9,10.0,0,0.0,3.9,34,1004.8,NYNGAN,Nyngan
2025-11-02T06:00,619.0,539.0,80.0,871.7,34.5,9.0,3,0.0,5.4,352,1004.3,NYNGAN,Nyngan
2025-11-02T07:00,395.0,321.0,74.0,745.8,33.8,9.1,84,0.0,6.9,351,1004.6,NYNGAN,Nyngan
2025-11-02T08:00,140.0,50.0,90.0,224.9,32.5,9.3,96,0.0,4.7,360,1004.4,NYNGAN,Nyngan
2025-11-02T09:00,12.0,2.0,10.0,21.3,30.0,10.0,7,0.0,4.1,45,1005.0,NYNGAN,Nyngan
2025-11-02T10:00,0.0,0.0,0.0,0.0,26.4,10.1,0,0.0,6.3,66,1005.1,NYNGAN,Nyngan
2025-11-02T11:00,0.0,0.0,0.0,0.0,24.9,9.6,0,0.0,6.5,71,1005.4,NYNGAN,Nyngan
2025-11-02T12:00,0.0,0.0,0.0,0.0,23.6,9.5,2,0.0,5.4,37,1005.5,NYNGAN,Nyngan
2025-11-02T13:00,0.0,0.0,0.0,0.0,22.6,9.4,2,0.0,5.0,30,1004.9,NYNGAN,Nyngan
2025-11-02T14:00,0.0,0.0,0.0,0.0,21.3,9.5,3,0.0,4.3,48,1004.6,NYNGAN,Nyngan
2025-11-02T15:00,0.0,0.0,0.0,0.0,19.6,10.1,4,0.0,5.5,79,1003.7,NYNGAN,Nyngan
2025-11-02T16:00,0.0,0.0,0.0,0.0,19.0,10.5,35,0.0,5.8,60,1003.0,NYNGAN,Nyngan
2025-11-02T17:00,0.0,0.0,0.0,0.0,18.5,10.3,51,0.0,7.9,51,1002.5,NYNGAN,Nyngan
2025-11-02T18:00,0.0,0.0,0.0,0.0,18.5,9.8,100,0.0,7.9,30,1002.6,NYNGAN,Nyngan
2025-11-02T19:00,0.0,0.0,0.0,0.0,18.8,10.4,100,0.0,5.7,325,1003.4,NYNGAN,Nyngan
2025-11-02T20:00,25.0,2.0,23.0,17.5,18.7,11.3,100,0.0,5.6,310,1004.1,NYNGAN,Nyngan
2025-11-02T21:00,140.0,21.0,119.0,80.1,21.6,12.1,100,0.0,7.0,21,1004.4,NYNGAN,Nyngan
2025-11-02T22:00,328.0,111.0,217.0,237.3,24.0,10.7,100,0.0,13.7,270,1004.9,NYNGAN,Nyngan
2025-11-02T23:00,390.0,73.0,317.0,112.2,24.8,11.4,100,0.0,14.6,232,1005.0,NYNGAN,Nyngan
2025-11-03T00:00,503.0,112.0,391.0,140.3,27.6,11.6,100,0.0,12.3,212,1004.2,NYNGAN,Nyngan
2025-11-03T01:00,649.0,192.0,457.0,213.1,29.5,11.0,100,0.0,5.4,250,1003.4,NYNGAN,Nyngan
2025-11-03T02:00,661.0,175.0,486.0,183.9,30.2,10.7,100,0.0,22.6,287,1003.1,NYNGAN,Nyngan
2025-11-03T03:00,535.0,90.0,445.0,95.1,29.9,11.0,100,0.0,24.3,294,1002.5,NYNGAN,Nyngan
2025-11-03T04:00,373.0,19.0,354.0,21.4,28.5,12.0,100,0.0,24.9,284,1002.8,NYNGAN,Nyngan
2025-11-03T05:00,258.0,5.0,253.0,6.5,26.5,14.9,100,0.0,27.1,284,1002.8,NYNGAN,Nyngan
2025-11-03T06:00,131.0,0.0,131.0,0.0,20.3,11.7,100,0.0,30.6,243,1005.8,NYNGAN,Nyngan
2025-11-03T07:00,91.0,0.0,91.0,0.0,17.0,11.7,100,0.2,24.1,238,1007.2,NYNGAN,Nyngan
2025-11-03T08:00,30.0,0.0,30.0,0.0,15.8,10.8,100,0.3,17.9,245,1009.0,NYNGAN,Nyngan
2025-11-03T09:00,4.0,0.0,4.0,0.0,15.1,10.9,100,0.3,11.8,247,1009.7,NYNGAN,Nyngan
2025-11-03T10:00,0.0,0.0,0.0,0.0,14.5,11.3,100,0.7,3.3,283,1009.7,NYNGAN,Nyngan
2025-11-03T11:00,0.0,0.0,0.0,0.0,14.4,11.4,100,0.0,4.0,297,1009.6,NYNGAN,Nyngan
2025-11-03T12:00,0.0,0.0,0.0,0.0,13.6,12.6,42,0.0,5.8,356,1009.5,NYNGAN,Nyngan
2025-11-03T13:00,0.0,0.0,0.0,0.0,13.0,12.2,68,0.0,7.2,360,1010.0,NYNGAN,Nyngan
2025-11-03T14:00,0.0,0.0,0.0,0.0,13.0,12.0,77,0.0,10.1,4,1009.8,NYNGAN,Nyngan
2025-11-03T15:00,0.0,0.0,0.0,0.0,13.0,12.0,64,0.0,11.9,3,1008.7,NYNGAN,Nyngan
2025-11-03T16:00,0.0,0.0,0.0,0.0,12.9,12.1,53,0.0,12.3,357,1007.4,NYNGAN,Nyngan
2025-11-03T17:00,0.0,0.0,0.0,0.0,12.9,12.1,65,0.0,15.6,345,1007.3,NYNGAN,Nyngan
2025-11-03T18:00,0.0,0.0,0.0,0.0,12.5,11.6,53,0.0,15.0,336,1007.5,NYNGAN,Nyngan
2025-11-03T19:00,0.0,0.0,0.0,0.0,11.9,10.1,53,0.0,15.1,320,1008.8,NYNGAN,Nyngan
2025-11-03T20:00,23.0,6.0,17.0,52.0,12.1,8.8,73,0.0,16.7,303,1009.6,NYNGAN,Nyngan
2025-11-03T21:00,113.0,43.0,70.0,162.4,13.0,8.2,67,0.0,18.4,282,1011.0,NYNGAN,Nyngan
2025-11-03T22:00,382.0,234.0,148.0,497.9,14.0,6.1,54,0.0,25.9,270,1011.6,NYNGAN,Nyngan
2025-11-03T23:00,640.0,474.0,166.0,726.4,15.2,3.9,36,0.0,26.7,274,1012.0,NYNGAN,Nyngan
2025-11-04T00:00,855.0,687.0,168.0,858.6,17.0,3.3,32,0.0,26.2,278,1012.9,NYNGAN,Nyngan
2025-11-04T01:00,968.0,769.0,199.0,851.9,18.2,2.8,32,0.0,26.5,278,1012.6,NYNGAN,Nyngan
2025-11-04T02:00,1001.0,768.0,233.0,805.8,19.1,1.1,66,0.0,27.6,277,1012.4,NYNGAN,Nyngan
2025-11-04T03:00,995.0,723.0,272.0,762.5,19.9,0.3,79,0.0,27.4,275,1011.5,NYNGAN,Nyngan
2025-11-04T04:00,896.0,653.0,243.0,735.3,20.0,0.4,40,0.0,27.0,269,1010.8,NYNGAN,Nyngan
2025-11-04T05:00,776.0,586.0,190.0,754.3,20.1,0.0,38,0.0,26.0,264,1010.5,NYNGAN,Nyngan
2025-11-04T06:00,558.0,347.0,211.0,557.5,20.7,-1.2,24,0.0,24.5,268,1010.1,NYNGAN,Nyngan
2025-11-04T07:00,398.0,293.0,105.0,673.5,19.9,-0.7,27,0.0,22.3,267,1010.6,NYNGAN,Nyngan
2025-11-04T08:00,175.0,114.0,61.0,501.1,19.0,-0.9,9,0.0,19.9,265,1011.3,NYNGAN,Nyngan
2025-11-04T09:00,16.0,6.0,10.0,62.1,17.1,-0.2,38,0.0,12.4,262,1012.2,NYNGAN,Nyngan
2025-11-04T10:00,0.0,0.0,0.0,0.0,15.2,1.0,20,0.0,8.7,253,1012.9,NYNGAN,Nyngan
2025-11-04T11:00,0.0,0.0,0.0,0.0,14.0,1.2,27,0.0,7.9,246,1014.0,NYNGAN,Nyngan
2025-11-04T12:00,0.0,0.0,0.0,0.0,12.8,1.5,89,0.0,6.6,248,1015.0,NYNGAN,Nyngan
2025-11-04T13:00,0.0,0.0,0.0,0.0,12.1,1.7,9,0.0,6.3,257,1015.5,NYNGAN,Nyngan
2025-11-04T14:00,0.0,0.0,0.0,0.0,11.5,1.9,0,0.0,6.2,260,1015.3,NYNGAN,Nyngan
2025-11-04T15:00,0.0,0.0,0.0,0.0,10.9,2.2,0,0.0,7.2,252,1014.3,NYNGAN,Nyngan
2025-11-04T16:00,0.0,0.0,0.0,0.0,10.4,2.5,0,0.0,7.1,246,1013.9,NYNGAN,Nyngan
2025-11-04T17:00,0.0,0.0,0.0,0.0,9.9,2.9,0,0.0,6.3,246,1014.2,NYNGAN,Nyngan
2025-11-04T18:00,0.0,0.0,0.0,0.0,8.7,3.1,0,0.0,6.9,223,1015.0,NYNGAN,Nyngan
2025-11-04T19:00,0.0,0.0,0.0,0.0,8.3,3.4,0,0.0,7.6,211,1016.2,NYNGAN,Nyngan
2025-11-04T20:00,39.0,20.0,19.0,171.5,8.8,4.0,0,0.0,8.9,207,1017.1,NYNGAN,Nyngan
2025-11-04T21:00,232.0,175.0,57.0,655.1,12.2,5.1,0,0.0,11.3,197,1018.2,NYNGAN,Nyngan
2025-11-04T22:00,468.0,393.0,75.0,832.5,14.6,5.7,0,0.0,17.0,186,1018.1,NYNGAN,Nyngan
2025-11-04T23:00,688.0,602.0,86.0,919.9,16.5,5.8,10,0.0,14.9,188,1018.2,NYNGAN,Nyngan
2025-11-05T00:00,868.0,765.0,103.0,954.1,19.1,5.5,19,0.0,12.7,215,1017.8,NYNGAN,Nyngan
2025-11-05T01:00,998.0,896.0,102.0,991.0,20.9,4.9,12,0.0,13.5,228,1017.2,NYNGAN,Nyngan
2025-11-05T02:00,1061.0,949.0,112.0,994.2,22.4,4.5,0,0.0,14.2,234,1016.8,NYNGAN,Nyngan
2025-11-05T03:00,1055.0,957.0,98.0,1007.8,23.5,3.4,0,0.0,14.7,234,1015.9,NYNGAN,Nyngan
2025-11-05T04:00,981.0,886.0,95.0,995.9,24.3,3.0,0,0.0,13.8,231,1015.1,NYNGAN,Nyngan
2025-11-05T05:00,842.0,752.0,90.0,965.7,24.6,2.7,0,0.0,12.0,226,1014.1,NYNGAN,Nyngan
2025-11-05T06:00,650.0,568.0,82.0,909.6,25.1,0.6,0,0.0,10.6,208,1013.9,NYNGAN,Nyngan
2025-11-05T07:00,424.0,353.0,71.0,807.2,24.3,0.5,0,0.0,10.2,198,1014.1,NYNGAN,Nyngan
2025-11-05T08:00,187.0,136.0,51.0,590.9,23.2,0.9,0,0.0,10.1,186,1014.8,NYNGAN,Nyngan
2025-11-05T09:00,18.0,8.0,10.0,81.6,19.5,1.9,0,0.0,8.3,175,1015.7,NYNGAN,Nyngan
2025-11-05T10:00,0.0,0.0,0.0,0.0,17.3,2.4,0,0.0,8.1,167,1016.4,NYNGAN,Nyngan
2025-11-05T11:00,0.0,0.0,0.0,0.0,15.7,2.5,0,0.0,8.3,162,1016.8,NYNGAN,Nyngan
2025-11-05T12:00,0.0,0.0,0.0,0.0,14.0,2.2,0,0.0,8.8,161,1016.7,NYNGAN,Nyngan
2025-11-05T13:00,0.0,0.0,0.0,0.0,13.0,2.5,0,0.0,8.9,159,1017.1,NYNGAN,Nyngan
2025-11-05T14:00,0.0,0.0,0.0,0.0,12.0,3.0,0,0.0,8.7,156,1017.0,NYNGAN,Nyngan
2025-11-05T15:00,0.0,0.0,0.0,0.0,11.1,3.4,0,0.0,7.7,152,1016.4,NYNGAN,Nyngan
2025-11-05T16:00,0.0,0.0,0.0,0.0,10.3,3.8,0,0.0,6.5,161,1016.5,NYNGAN,Nyngan
2025-11-05T17:00,0.0,0.0,0.0,0.0,9.6,4.2,0,0.0,6.0,155,1016.8,NYNGAN,Nyngan
2025-11-05T18:00,0.0,0.0,0.0,0.0,8.7,3.1,0,0.0,7.2,143,1016.9,NYNGAN,Nyngan
2025-11-05T19:00,0.0,0.0,0.0,0.0,8.1,3.6,0,0.0,6.6,139,1017.0,NYNGAN,Nyngan
2025-11-05T20:00,41.0,21.0,20.0,178.2,8.6,3.8,0,0.0,6.4,142,1017.5,NYNGAN,Nyngan
2025-11-05T21:00,240.0,181.0,59.0,671.7,12.5,4.7,0,0.0,7.2,143,1018.0,NYNGAN,Nyngan
2025-11-05T22:00,480.0,402.0,78.0,848.0,17.0,5.0,0,0.0,9.5,127,1018.2,NYNGAN,Nyngan
2025-11-05T23:00,703.0,615.0,88.0,937.3,21.0,5.3,0,0.0,9.5,119,1017.6,NYNGAN,Nyngan
2025-11-06T00:00,888.0,793.0,95.0,987.1,24.5,2.6,0,0.0,11.4,108,1017.3,NYNGAN,Nyngan
2025-11-06T01:00,1022.0,923.0,99.0,1019.2,26.7,0.4,0,0.0,8.8,99,1016.2,NYNGAN,Nyngan
2025-11-06T02:00,1085.0,985.0,100.0,1030.3,28.5,-0.6,0,0.0,7.9,87,1015.0,NYNGAN,Nyngan
2025-11-06T03:00,1077.0,977.0,100.0,1027.3,29.8,-2.7,0,0.0,6.3,66,1013.3,NYNGAN,Nyngan
2025-11-06T04:00,998.0,901.0,97.0,1011.0,30.4,-4.6,3,0.0,4.1,45,1012.3,NYNGAN,Nyngan
2025-11-06T05:00,855.0,760.0,95.0,973.7,30.5,-6.0,57,0.0,4.3,24,1011.5,NYNGAN,Nyngan
2025-11-06T06:00,646.0,529.0,117.0,844.4,30.2,-7.7,62,0.0,6.5,19,1011.2,NYNGAN,Nyngan
2025-11-06T07:00,428.0,345.0,83.0,784.7,29.6,-6.6,75,0.0,7.2,18,1010.9,NYNGAN,Nyngan
2025-11-06T08:00,160.0,72.0,88.0,309.3,28.3,-6.2,100,0.0,5.8,7,1011.4,NYNGAN,Nyngan
2025-11-06T09:00,13.0,0.0,13.0,0.0,24.8,-4.5,100,0.0,4.4,325,1011.7,NYNGAN,Nyngan
2025-11-06T10:00,0.0,0.0,0.0,0.0,22.5,-3.0,100,0.0,3.8,343,1012.1,NYNGAN,Nyngan
2025-11-06T11:00,0.0,0.0,0.0,0.0,20.9,-2.9,100,0.0,5.8,360,1011.9,NYNGAN,Nyngan
2025-11-06T12:00,0.0,0.0,0.0,0.0,19.8,-1.4,100,0.0,5.2,12,1012.1,NYNGAN,Nyngan
2025-11-06T13:00,0.0,0.0,0.0,0.0,19.0,-1.5,100,0.0,5.4,20,1011.9,NYNGAN,Nyngan
2025-11-06T14:00,0.0,0.0,0.0,0.0,18.2,-1.7,100,0.0,6.3,13,1011.4,NYNGAN,Nyngan
2025-11-06T15:00,0.0,0.0,0.0,0.0,17.9,-1.9,100,0.0,6.0,33,1010.3,NYNGAN,Nyngan
2025-11-06T16:00,0.0,0.0,0.0,0.0,17.7,-1.1,100,0.0,3.3,13,1010.2,NYNGAN,Nyngan
2025-11-06T17:00,0.0,0.0,0.0,0.0,17.5,-0.3,100,0.0,2.8,40,1010.2,NYNGAN,Nyngan
2025-11-06T18:00,0.0,0.0,0.0,0.0,16.6,1.1,100,0.0,4.5,76,1010.3,NYNGAN,Nyngan
2025-11-06T19:00,0.0,0.0,0.0,0.0,16.1,0.6,93,0.0,5.1,82,1010.6,NYNGAN,Nyngan
2025-11-06T20:00,31.0,8.0,23.0,67.2,16.4,0.9,76,0.0,7.0,69,1010.9,NYNGAN,Nyngan
2025-11-06T21:00,216.0,141.0,75.0,519.0,20.4,2.2,20,0.0,13.6,40,1011.5,NYNGAN,Nyngan
2025-11-06T22:00,458.0,357.0,101.0,750.0,23.4,6.2,18,0.0,20.0,18,1011.4,NYNGAN,Nyngan
2025-11-06T23:00,678.0,578.0,100.0,878.6,26.7,8.1,30,0.0,19.5,16,1011.3,NYNGAN,Nyngan
2025-11-07T00:00,855.0,757.0,98.0,940.5,30.6,8.9,5,0.0,20.4,9,1010.0,NYNGAN,Nyngan
2025-11-07T01:00,979.0,882.0,97.0,972.4,32.9,11.4,10,0.0,22.8,5,1009.0,NYNGAN,Nyngan
2025-11-07T02:00,1025.0,906.0,119.0,946.4,34.4,10.3,56,0.0,24.1,358,1007.6,NYNGAN,Nyngan
2025-11-07T03:00,895.0,557.0,338.0,584.8,35.0,7.2,30,0.0,21.4,352,1006.0,NYNGAN,Nyngan
2025-11-07T04:00,764.0,549.0,215.0,614.9,35.0,7.2,100,0.0,18.3,338,1004.9,NYNGAN,Nyngan
2025-11-07T05:00,382.0,132.0,250.0,168.7,34.1,6.4,100,0.1,18.2,352,1004.2,NYNGAN,Nyngan
2025-11-07T06:00,205.0,4.0,201.0,6.4,34.1,6.4,100,0.0,19.5,355,1003.6,NYNGAN,Nyngan
2025-11-07T07:00,242.0,83.0,159.0,187.8,34.0,6.4,92,0.0,19.3,339,1003.8,NYNGAN,Nyngan
2025-11-07T08:00,119.0,40.0,79.0,169.9,33.1,4.8,75,0.0,19.5,335,1003.7,NYNGAN,Nyngan
2025-11-07T09:00,13.0,3.0,10.0,29.7,29.6,5.6,75,0.0,9.1,351,1003.9,NYNGAN,Nyngan
2025-11-07T10:00,0.0,0.0,0.0,0.0,26.8,6.7,86,0.0,9.9,44,1004.5,NYNGAN,Nyngan
2025-11-07T11:00,0.0,0.0,0.0,0.0,25.2,14.3,71,0.1,15.3,41,1005.6,NYNGAN,Nyngan
2025-11-07T12:00,0.0,0.0,0.0,0.0,23.5,17.7,50,0.0,19.4,40,1005.7,NYNGAN,Nyngan
2025-11-07T13:00,0.0,0.0,0.0,0.0,22.7,17.6,47,0.0,20.2,40,1005.5,NYNGAN,Nyngan
2025-11-07T14:00,0.0,0.0,0.0,0.0,22.1,17.5,39,0.0,20.2,41,1004.9,NYNGAN,Nyngan
2025-11-07T15:00,0.0,0.0,0.0,0.0,22.0,17.3,49,0.0,22.1,34,1003.4,NYNGAN,Nyngan
2025-11-07T16:00,0.0,0.0,0.0,0.0,22.5,16.8,77,0.0,20.6,19,1002.9,NYNGAN,Nyngan
2025-11-07T17:00,0.0,0.0,0.0,0.0,22.6,16.4,64,0.0,21.2,18,1003.2,NYNGAN,Nyngan
2025-11-07T18:00,0.0,0.0,0.0,0.0,22.1,16.3,60,0.0,24.5,26,1002.3,NYNGAN,Nyngan
2025-11-07T19:00,0.0,0.0,0.0,0.0,21.8,16.5,57,0.1,22.2,32,1002.7,NYNGAN,Nyngan
2025-11-07T20:00,23.0,7.0,16.0,58.3,21.8,16.5,81,0.0,22.2,13,1004.1,NYNGAN,Nyngan
2025-11-07T21:00,142.0,71.0,71.0,259.3,23.0,16.6,62,0.0,14.1,4,1004.3,NYNGAN,Nyngan
2025-11-07T22:00,336.0,180.0,156.0,376.7,25.0,16.9,76,0.0,17.1,321,1005.4,NYNGAN,Nyngan
2025-11-07T23:00,555.0,339.0,216.0,514.1,26.8,17.0,76,0.0,16.2,274,1005.2,NYNGAN,Nyngan
2025-11-08T00:00,738.0,516.0,222.0,640.0,29.2,13.4,71,0.0,17.4,276,1005.0,NYNGAN,Nyngan
2025-11-08T01:00,952.0,835.0,117.0,919.3,30.8,8.5,0,0.0,22.7,245,1005.1,NYNGAN,Nyngan
2025-11-08T02:00,1042.0,946.0,96.0,986.8,31.5,11.8,0,0.0,23.8,241,1004.6,NYNGAN,Nyngan
2025-11-08T03:00,1032.0,936.0,96.0,981.2,32.1,10.2,7,0.0,26.0,251,1003.6,NYNGAN,Nyngan
2025-11-08T04:00,948.0,811.0,137.0,906.8,31.8,9.9,32,0.0,28.2,259,1003.2,NYNGAN,Nyngan
2025-11-08T05:00,790.0,603.0,187.0,769.1,30.9,9.7,38,0.0,28.7,258,1003.6,NYNGAN,Nyngan
2025-11-08T06:00,612.0,470.0,142.0,745.4,29.9,8.3,28,0.0,26.9,254,1004.0,NYNGAN,Nyngan
2025-11-08T07:00,411.0,324.0,87.0,729.1,28.3,7.0,2,0.0,26.2,249,1005.1,NYNGAN,Nyngan
2025-11-08T08:00,189.0,136.0,53.0,571.1,26.2,6.8,8,0.0,24.3,238,1005.9,NYNGAN,Nyngan
2025-11-08T09:00,21.0,9.0,12.0,88.0,23.3,7.4,9,0.0,20.1,226,1007.3,NYNGAN,Nyngan
2025-11-08T10:00,0.0,0.0,0.0,0.0,21.3,6.4,63,0.0,17.6,223,1008.5,NYNGAN,Nyngan
2025-11-08T11:00,0.0,0.0,0.0,0.0,19.7,5.7,100,0.0,17.9,220,1009.6,NYNGAN,Nyngan
2025-11-08T12:00,0.0,0.0,0.0,0.0,19.0,3.6,100,0.0,19.1,216,1010.8,NYNGAN,Nyngan
2025-11-08T13:00,0.0,0.0,0.0,0.0,17.7,3.5,100,0.0,19.7,211,1011.2,NYNGAN,Nyngan
2025-11-08T14:00,0.0,0.0,0.0,0.0,16.5,3.2,6,0.0,22.1,202,1011.6,NYNGAN,Nyngan
2025-11-08T15:00,0.0,0.0,0.0,0.0,15.0,3.1,4,0.0,20.7,200,1011.6,NYNGAN,Nyngan
2025-11-08T16:00,0.0,0.0,0.0,0.0,13.7,3.7,0,0.0,18.2,198,1011.9,NYNGAN,Nyngan
2025-11-08T17:00,0.0,0.0,0.0,0.0,12.4,3.9,0,0.0,15.3,199,1012.3,NYNGAN,Nyngan
2025-11-08T18:00,0.0,0.0,0.0,0.0,11.4,3.9,0,0.0,12.6,204,1012.7,NYNGAN,Nyngan
2025-11-08T19:00,0.0,0.0,0.0,0.0,10.3,3.8,0,0.0,11.9,205,1013.4,NYNGAN,Nyngan
2025-11-08T20:00,47.0,25.0,22.0,206.1,10.5,3.9,0,0.0,12.4,206,1014.6,NYNGAN,Nyngan
2025-11-08T21:00,250.0,190.0,60.0,688.6,12.4,2.8,0,0.0,21.7,204,1015.6,NYNGAN,Nyngan
2025-11-08T22:00,491.0,413.0,78.0,861.1,13.9,0.9,0,0.0,22.2,207,1016.1,NYNGAN,Nyngan
2025-11-08T23:00,714.0,625.0,89.0,945.5,15.9,0.4,0,0.0,21.6,208,1015.6,NYNGAN,Nyngan
2025-11-09T00:00,897.0,801.0,96.0,991.8,18.6,0.6,0,0.0,22.4,213,1014.7,NYNGAN,Nyngan
2025-11-09T01:00,1022.0,923.0,99.0,1014.7,20.7,1.0,0,0.0,21.4,213,1014.0,NYNGAN,Nyngan
2025-11-09T02:00,1081.0,981.0,100.0,1021.9,22.4,1.4,0,0.0,22.0,212,1013.2,NYNGAN,Nyngan
2025-11-09T03:00,1069.0,970.0,99.0,1015.4,23.7,1.9,0,0.0,22.1,208,1012.5,NYNGAN,Nyngan
2025-11-09T04:00,989.0,893.0,96.0,996.8,24.5,2.0,0,0.0,22.1,206,1011.6,NYNGAN,Nyngan
2025-11-09T05:00,847.0,756.0,91.0,962.1,24.6,2.1,0,0.0,21.9,203,1011.2,NYNGAN,Nyngan
2025-11-09T06:00,654.0,571.0,83.0,902.6,24.4,1.9,0,0.0,22.0,201,1010.7,NYNGAN,Nyngan
2025-11-09T07:00,429.0,357.0,72.0,799.2,23.6,1.9,0,0.0,20.7,197,1011.1,NYNGAN,Nyngan
2025-11-09T08:00,194.0,142.0,52.0,589.6,22.3,1.9,0,0.0,18.9,193,1011.4,NYNGAN,Nyngan
2025-11-09T09:00,22.0,10.0,12.0,96.4,19.7,2.5,0,0.0,12.8,191,1012.3,NYNGAN,Nyngan
2025-11-09T10:00,0.0,0.0,0.0,0.0,17.8,2.5,0,0.0,11.9,194,1013.1,NYNGAN,Nyngan
2025-11-09T11:00,0.0,0.0,0.0,0.0,16.6,2.5,3,0.0,12.3,201,1014.0,NYNGAN,Nyngan
2025-11-09T12:00,0.0,0.0,0.0,0.0,15.2,0.2,0,0.0,11.0,203,1014.8,NYNGAN,Nyngan
2025-11-09T13:00,0.0,0.0,0.0,0.0,14.2,0.4,0,0.0,11.6,206,1015.1,NYNGAN,Nyngan
2025-11-09T14:00,0.0,0.0,0.0,0.0,13.5,1.2,0,0.0,12.3,201,1015.0,NYNGAN,Nyngan
2025-11-09T15:00,0.0,0.0,0.0,0.0,12.9,1.8,0,0.0,11.7,191,1014.4,NYNGAN,Nyngan
2025-11-09T16:00,0.0,0.0,0.0,0.0,12.3,2.5,0,0.0,11.2,186,1014.0,NYNGAN,Nyngan
2025-11-09T17:00,0.0,0.0,0.0,0.0,11.7,2.7,0,0.0,10.1,186,1014.2,NYNGAN,Nyngan
2025-11-09T18:00,0.0,0.0,0.0,0.0,11.2,2.5,0,0.0,10.5,188,1014.4,NYNGAN,Nyngan
2025-11-09T19:00,0.0,0.0,0.0,0.0,10.6,2.6,0,0.0,10.5,188,1015.4,NYNGAN,Nyngan
2025-11-09T20:00,47.0,25.0,22.0,204.3,11.1,2.9,0,0.0,10.9,186,1015.9,NYNGAN,Nyngan
2025-11-09T21:00,246.0,187.0,59.0,672.9,14.4,3.2,0,0.0,14.8,179,1017.0,NYNGAN,Nyngan
2025-11-09T22:00,483.0,406.0,77.0,843.5,17.6,3.8,0,0.0,17.1,172,1016.9,NYNGAN,Nyngan
2025-11-09T23:00,701.0,614.0,87.0,926.8,20.2,3.8,0,0.0,18.7,169,1017.1,NYNGAN,Nyngan
2025-11-10T00:00,881.0,787.0,94.0,972.9,22.5,3.5,0,0.0,17.7,182,1016.6,NYNGAN,Nyngan
2025-11-10T01:00,999.0,864.0,135.0,948.6,23.8,2.6,29,0.0,17.8,188,1016.2,NYNGAN,Nyngan
2025-11-10T02:00,1050.0,871.0,179.0,906.2,24.8,2.9,34,0.0,17.4,193,1014.8,NYNGAN,Nyngan
2025-11-10T03:00,1032.0,823.0,209.0,860.4,25.5,2.9,33,0.0,17.2,196,1014.1,NYNGAN,Nyngan
2025-11-10T04:00,971.0,809.0,162.0,901.6,26.0,2.6,18,0.0,17.3,197,1013.1,NYNGAN,Nyngan
2025-11-10T05:00,840.0,721.0,119.0,915.5,26.0,2.0,5,0.0,17.1,198,1012.2,NYNGAN,Nyngan
2025-11-10T06:00,651.0,539.0,112.0,849.3,25.8,0.4,0,0.0,17.1,202,1012.3,NYNGAN,Nyngan
2025-11-10T07:00,431.0,356.0,75.0,792.7,25.1,0.5,0,0.0,16.3,202,1012.3,NYNGAN,Nyngan
2025-11-10T08:00,197.0,142.0,55.0,583.1,24.0,0.9,0,0.0,14.4,202,1012.8,NYNGAN,Nyngan
2025-11-10T09:00,24.0,11.0,13.0,104.6,21.0,2.2,13,0.0,8.8,199,1013.1,NYNGAN,Nyngan
2025-11-10T10:00,0.0,0.0,0.0,0.0,18.8,2.2,0,0.0,8.2,195,1013.6,NYNGAN,Nyngan
2025-11-10T11:00,0.0,0.0,0.0,0.0,17.3,2.1,0,0.0,7.9,196,1014.0,NYNGAN,Nyngan
2025-11-10T12:00,0.0,0.0,0.0,0.0,15.9,0.4,0,0.0,8.6,202,1014.6,NYNGAN,Nyngan
2025-11-10T13:00,0.0,0.0,0.0,0.0,14.9,0.3,0,0.0,8.7,210,1014.7,NYNGAN,Nyngan
2025-11-10T14:00,0.0,0.0,0.0,0.0,14.1,0.7,0,0.0,8.4,211,1014.8,NYNGAN,Nyngan
2025-11-10T15:00,0.0,0.0,0.0,0.0,13.3,0.9,0,0.0,7.4,203,1013.7,NYNGAN,Nyngan
2025-11-10T16:00,0.0,0.0,0.0,0.0,12.6,1.0,100,0.0,7.1,204,1013.8,NYNGAN,Nyngan
2025-11-10T17:00,0.0,0.0,0.0,0.0,12.3,1.0,100,0.0,6.4,196,1013.7,NYNGAN,Nyngan
2025-11-10T18:00,0.0,0.0,0.0,0.0,11.2,1.4,100,0.0,5.8,210,1013.3,NYNGAN,Nyngan
2025-11-10T19:00,0.0,0.0,0.0,0.0,10.7,1.2,100,0.0,6.1,220,1014.0,NYNGAN,Nyngan
2025-11-10T20:00,46.0,21.0,25.0,170.2,11.3,1.2,36,0.0,5.1,225,1014.7,NYNGAN,Nyngan
2025-11-10T21:00,248.0,186.0,62.0,664.8,15.1,1.3,0,0.0,4.8,222,1015.0,NYNGAN,Nyngan
2025-11-10T22:00,484.0,400.0,84.0,828.2,19.0,0.6,16,0.0,4.1,225,1015.5,NYNGAN,Nyngan
2025-11-10T23:00,699.0,599.0,100.0,902.3,22.4,0.2,0,0.0,4.8,283,1015.1,NYNGAN,Nyngan
2025-11-11T00:00,882.0,788.0,94.0,972.6,25.7,-0.4,0,0.0,17.4,283,1014.4,NYNGAN,Nyngan
2025-11-11T01:00,998.0,879.0,119.0,963.8,26.8,0.5,40,0.0,25.2,268,1013.6,NYNGAN,Nyngan
2025-11-11T02:00,975.0,751.0,224.0,780.4,27.2,0.8,49,0.0,30.1,259,1012.7,NYNGAN,Nyngan
2025-11-11T03:00,989.0,758.0,231.0,791.4,27.2,0.8,50,0.0,32.8,251,1012.0,NYNGAN,Nyngan
2025-11-11T04:00,896.0,670.0,226.0,745.4,26.6,0.3,51,0.0,33.2,244,1012.0,NYNGAN,Nyngan
2025-11-11T05:00,789.0,622.0,167.0,788.1,25.5,2.2,33,0.0,34.5,233,1012.6,NYNGAN,Nyngan
2025-11-11T06:00,647.0,534.0,113.0,838.8,24.4,1.9,15,0.0,32.9,229,1013.6,NYNGAN,Nyngan
2025-11-11T07:00,424.0,328.0,96.0,726.6,22.5,3.1,39,0.0,30.9,222,1013.9,NYNGAN,Nyngan
2025-11-11T08:00,193.0,126.0,67.0,511.7,20.4,0.2,0,0.0,26.6,210,1014.6,NYNGAN,Nyngan
2025-11-11T09:00,25.0,11.0,14.0,103.2,17.9,-1.4,0,0.0,20.8,198,1015.7,NYNGAN,Nyngan
2025-11-11T10:00,0.0,0.0,0.0,0.0,15.7,-1.0,0,0.0,15.8,192,1017.1,NYNGAN,Nyngan
2025-11-11T11:00,0.0,0.0,0.0,0.0,13.9,-0.6,0,0.0,12.5,192,1018.9,NYNGAN,Nyngan
2025-11-11T12:00,0.0,0.0,0.0,0.0,12.9,-1.9,0,0.0,10.9,197,1019.7,NYNGAN,Nyngan
2025-11-11T13:00,0.0,0.0,0.0,0.0,11.8,-2.5,0,0.0,12.1,203,1020.2,NYNGAN,Nyngan
2025-11-11T14:00,0.0,0.0,0.0,0.0,10.8,-3.0,0,0.0,12.4,202,1020.0,NYNGAN,Nyngan
2025-11-11T15:00,0.0,0.0,0.0,0.0,9.9,-3.4,0,0.0,11.8,200,1019.3,NYNGAN,Nyngan
2025-11-11T16:00,0.0,0.0,0.0,0.0,9.1,-3.5,0,0.0,11.0,199,1019.0,NYNGAN,Nyngan
2025-11-11T17:00,0.0,0.0,0.0,0.0,8.4,-3.5,0,0.0,10.3,192,1019.3,NYNGAN,Nyngan
2025-11-11T18:00,0.0,0.0,0.0,0.0,7.1,-3.2,0,0.0,8.7,187,1018.9,NYNGAN,Nyngan
2025-11-11T19:00,0.0,0.0,0.0,0.0,6.5,-3.2,0,0.0,7.9,180,1020.2,NYNGAN,Nyngan
2025-11-11T20:00,50.0,27.0,23.0,217.1,7.0,-2.7,0,0.0,7.6,177,1020.8,NYNGAN,Nyngan
2025-11-11T21:00,255.0,194.0,61.0,688.9,10.9,-2.6,0,0.0,10.7,168,1022.0,NYNGAN,Nyngan
2025-11-11T22:00,495.0,416.0,79.0,858.6,14.3,-1.8,0,0.0,11.4,162,1021.9,NYNGAN,Nyngan
2025-11-11T23:00,717.0,627.0,90.0,942.6,17.3,-0.9,0,0.0,12.1,157,1021.7,NYNGAN,Nyngan
2025-11-12T00:00,900.0,803.0,97.0,989.7,19.9,-3.1,0,0.0,12.8,169,1021.4,NYNGAN,Nyngan
2025-11-12T01:00,1030.0,929.0,101.0,1017.4,21.8,-3.6,0,0.0,13.0,178,1020.4,NYNGAN,Nyngan
2025-11-12T02:00,1093.0,990.0,103.0,1027.5,23.2,-4.0,0,0.0,12.6,185,1019.3,NYNGAN,Nyngan
2025-11-12T03:00,1084.0,982.0,102.0,1023.9,24.3,-4.0,0,0.0,13.1,188,1017.9,NYNGAN,Nyngan
2025-11-12T04:00,1005.0,906.0,99.0,1006.4,24.9,-3.5,0,0.0,13.1,189,1016.9,NYNGAN,Nyngan
2025-11-12T05:00,864.0,770.0,94.0,973.5,25.2,-4.2,0,0.0,12.4,190,1016.1,NYNGAN,Nyngan
2025-11-12T06:00,672.0,586.0,86.0,917.5,24.8,-5.5,0,0.0,11.4,193,1015.9,NYNGAN,Nyngan
2025-11-12T07:00,445.0,371.0,74.0,817.5,24.0,-6.1,0,0.0,11.0,191,1015.7,NYNGAN,Nyngan
2025-11-12T08:00,208.0,153.0,55.0,614.6,22.9,-6.0,0,0.0,9.1,187,1016.0,NYNGAN,Nyngan
2025-11-12T09:00,27.0,13.0,14.0,120.4,19.4,-4.9,0,0.0,6.3,167,1016.3,NYNGAN,Nyngan
2025-11-12T10:00,0.0,0.0,0.0,0.0,17.0,-4.3,0,0.0,6.1,152,1016.4,NYNGAN,Nyngan
2025-11-12T11:00,0.0,0.0,0.0,0.0,15.5,-4.5,0,0.0,6.5,146,1016.7,NYNGAN,Nyngan
2025-11-12T12:00,0.0,0.0,0.0,0.0,13.8,-5.4,0,0.0,5.9,137,1016.9,NYNGAN,Nyngan
2025-11-12T13:00,0.0,0.0,0.0,0.0,12.6,-5.0,0,0.0,5.2,124,1017.0,NYNGAN,Nyngan
2025-11-12T14:00,0.0,0.0,0.0,0.0,11.5,-4.6,0,0.0,4.5,104,1016.5,NYNGAN,Nyngan
2025-11-12T15:00,0.0,0.0,0.0,0.0,10.6,-4.2,0,0.0,4.0,85,1015.7,NYNGAN,Nyngan
2025-11-12T16:00,0.0,0.0,0.0,0.0,10.0,-4.1,0,0.0,3.4,72,1015.1,NYNGAN,Nyngan
2025-11-12T17:00,0.0,0.0,0.0,0.0,9.6,-3.7,0,0.0,3.2,63,1015.0,NYNGAN,Nyngan
2025-11-12T18:00,0.0,0.0,0.0,0.0,8.0,-3.2,0,0.0,2.7,67,1014.5,NYNGAN,Nyngan
2025-11-12T19:00,0.0,0.0,0.0,0.0,7.8,-3.1,0,0.0,2.5,82,1015.3,NYNGAN,Nyngan
2025-11-12T20:00,52.0,28.0,24.0,223.5,8.5,-2.5,0,0.0,2.9,97,1016.0,NYNGAN,Nyngan
2025-11-12T21:00,255.0,194.0,61.0,684.7,13.3,-2.6,0,0.0,2.7,67,1016.5,NYNGAN,Nyngan
2025-11-12T22:00,493.0,414.0,79.0,852.0,18.7,-2.3,0,0.0,5.7,35,1016.6,NYNGAN,Nyngan
2025-11-12T23:00,714.0,624.0,90.0,936.4,23.1,-2.6,6,0.0,10.3,25,1015.8,NYNGAN,Nyngan
2025-11-13T00:00,894.0,791.0,103.0,973.6,26.2,-5.5,0,0.0,14.5,354,1014.7,NYNGAN,Nyngan
2025-11-13T01:00,1027.0,927.0,100.0,1014.1,28.0,-5.2,0,0.0,14.5,341,1013.3,NYNGAN,Nyngan
2025-11-13T02:00,1089.0,987.0,102.0,1023.2,29.3,-4.2,27,0.0,14.3,335,1011.8,NYNGAN,Nyngan
2025-11-13T03:00,1079.0,968.0,111.0,1008.0,30.1,-4.9,12,0.0,14.8,331,1010.0,NYNGAN,Nyngan
2025-11-13T04:00,1004.0,898.0,106.0,995.9,30.6,-5.9,12,0.0,15.7,328,1009.0,NYNGAN,Nyngan
2025-11-13T05:00,794.0,562.0,232.0,709.0,30.2,-6.2,100,0.0,16.3,325,1007.9,NYNGAN,Nyngan
2025-11-13T06:00,457.0,147.0,310.0,229.4,29.6,-6.7,100,0.0,15.8,317,1007.6,NYNGAN,Nyngan
2025-11-13T07:00,215.0,17.0,198.0,37.3,28.9,-5.8,100,0.0,13.0,316,1007.5,NYNGAN,Nyngan
2025-11-13T08:00,104.0,7.0,97.0,27.8,28.2,-6.3,100,0.0,8.2,311,1007.8,NYNGAN,Nyngan
2025-11-13T09:00,18.0,1.0,17.0,9.1,24.3,-4.9,100,0.0,5.4,290,1007.9,NYNGAN,Nyngan
2025-11-13T10:00,0.0,0.0,0.0,0.0,21.7,-4.4,100,0.0,4.8,257,1008.3,NYNGAN,Nyngan
2025-11-13T11:00,0.0,0.0,0.0,0.0,20.7,-4.5,100,0.0,3.8,229,1008.5,NYNGAN,Nyngan
2025-11-13T12:00,0.0,0.0,0.0,0.0,20.0,-3.6,100,0.0,3.9,292,1008.9,NYNGAN,Nyngan
2025-11-13T13:00,0.0,0.0,0.0,0.0,19.7,-3.2,100,0.0,2.5,315,1009.0,NYNGAN,Nyngan
2025-11-13T14:00,0.0,0.0,0.0,0.0,19.0,-2.6,100,0.0,2.8,230,1008.8,NYNGAN,Nyngan
2025-11-13T15:00,0.0,0.0,0.0,0.0,18.5,-1.9,100,0.0,2.9,7,1007.9,NYNGAN,Nyngan
2025-11-13T16:00,0.0,0.0,0.0,0.0,16.8,-2.4,99,0.0,3.1,36,1007.3,NYNGAN,Nyngan
2025-11-13T17:00,0.0,0.0,0.0,0.0,15.4,-1.3,58,0.0,1.9,68,1006.8,NYNGAN,Nyngan
2025-11-13T18:00,0.0,0.0,0.0,0.0,12.8,-3.5,19,0.0,6.5,180,1006.1,NYNGAN,Nyngan
2025-11-13T19:00,0.0,0.0,0.0,0.0,12.8,-3.5,100,0.0,5.4,180,1006.8,NYNGAN,Nyngan
2025-11-13T20:00,35.0,3.0,32.0,23.8,14.1,-3.7,100,0.0,6.1,177,1007.3,NYNGAN,Nyngan
2025-11-13T21:00,201.0,96.0,105.0,336.9,18.3,-3.2,57,0.0,8.0,153,1007.9,NYNGAN,Nyngan
2025-11-13T22:00,360.0,184.0,176.0,377.6,22.1,-3.4,76,0.0,5.9,128,1008.8,NYNGAN,Nyngan
2025-11-13T23:00,396.0,159.0,237.0,238.2,24.8,-3.6,76,0.0,2.9,60,1008.8,NYNGAN,Nyngan
2025-11-14T00:00,527.0,229.0,298.0,281.5,27.8,-9.5,100,0.0,5.2,326,1008.4,NYNGAN,Nyngan
2025-11-14T01:00,474.0,93.0,381.0,101.6,29.2,-8.5,87,0.0,11.0,302,1007.7,NYNGAN,Nyngan
2025-11-14T02:00,576.0,251.0,325.0,259.9,30.8,-5.7,76,0.0,14.6,290,1007.1,NYNGAN,Nyngan
2025-11-14T03:00,527.0,211.0,316.0,219.4,31.1,-0.6,77,0.0,14.8,283,1005.8,NYNGAN,Nyngan
2025-11-14T04:00,624.0,308.0,316.0,341.1,32.2,0.3,74,0.0,12.6,275,1005.2,NYNGAN,Nyngan
2025-11-14T05:00,690.0,468.0,222.0,589.2,32.6,-0.5,51,0.0,6.1,273,1003.9,NYNGAN,Nyngan
2025-11-14T06:00,566.0,413.0,153.0,642.6,32.3,1.4,38,0.0,7.3,290,1004.3,NYNGAN,Nyngan
2025-11-14T07:00,379.0,271.0,108.0,591.1,31.7,1.9,57,0.0,6.7,324,1004.0,NYNGAN,Nyngan
2025-11-14T08:00,141.0,76.0,65.0,298.8,30.9,3.0,64,0.0,8.0,342,1004.1,NYNGAN,Nyngan
2025-11-14T09:00,21.0,7.0,14.0,63.2,27.4,4.4,64,0.0,7.2,6,1004.3,NYNGAN,Nyngan
2025-11-14T10:00,0.0,0.0,0.0,0.0,25.0,4.7,52,0.0,7.9,30,1005.0,NYNGAN,Nyngan
2025-11-14T11:00,0.0,0.0,0.0,0.0,23.9,4.8,85,0.0,9.0,37,1005.4,NYNGAN,Nyngan
2025-11-14T12:00,0.0,0.0,0.0,0.0,22.3,4.8,51,0.0,12.8,38,1005.8,NYNGAN,Nyngan
2025-11-14T13:00,0.0,0.0,0.0,0.0,22.6,5.1,73,0.0,14.2,27,1006.1,NYNGAN,Nyngan
2025-11-14T14:00,0.0,0.0,0.0,0.0,21.7,5.6,54,0.0,14.4,22,1006.2,NYNGAN,Nyngan
2025-11-14T15:00,0.0,0.0,0.0,0.0,21.5,5.8,81,0.0,13.7,14,1005.6,NYNGAN,Nyngan
2025-11-14T16:00,0.0,0.0,0.0,0.0,21.7,5.9,71,0.0,15.3,19,1005.2,NYNGAN,Nyngan
2025-11-14T17:00,0.0,0.0,0.0,0.0,21.9,6.6,64,0.0,20.5,24,1004.7,NYNGAN,Nyngan
2025-11-14T18:00,0.0,0.0,0.0,0.0,21.3,8.9,51,0.0,21.8,22,1005.5,NYNGAN,Nyngan
2025-11-14T19:00,0.0,0.0,0.0,0.0,21.0,12.4,62,0.0,22.1,22,1005.7,NYNGAN,Nyngan
2025-11-14T20:00,49.0,25.0,24.0,196.8,21.5,14.8,17,0.0,20.7,20,1006.4,NYNGAN,Nyngan
2025-11-14T21:00,237.0,174.0,63.0,607.3,23.5,16.3,10,0.0,24.3,12,1007.4,NYNGAN,Nyngan
2025-11-14T22:00,462.0,384.0,78.0,786.0,25.9,16.7,4,0.0,26.0,6,1007.4,NYNGAN,Nyngan
2025-11-14T23:00,670.0,573.0,97.0,857.0,28.6,16.5,7,0.0,26.7,358,1007.0,NYNGAN,Nyngan
2025-11-15T00:00,852.0,751.0,101.0,922.1,31.3,15.7,24,0.0,26.4,349,1005.6,NYNGAN,Nyngan
2025-11-15T01:00,946.0,768.0,178.0,838.4,33.8,14.3,93,0.0,23.4,335,1005.0,NYNGAN,Nyngan
2025-11-15T02:00,879.0,633.0,246.0,654.9,34.9,8.6,55,0.0,22.6,326,1003.4,NYNGAN,Nyngan
2025-11-15T03:00,770.0,507.0,263.0,526.7,36.4,5.6,99,0.0,22.8,305,1002.2,NYNGAN,Nyngan
2025-11-15T04:00,703.0,384.0,319.0,424.6,36.7,3.8,100,0.0,29.0,297,1001.4,NYNGAN,Nyngan
2025-11-15T05:00,605.0,241.0,364.0,302.8,36.2,3.4,100,0.0,27.3,286,1001.0,NYNGAN,Nyngan
2025-11-15T06:00,394.0,79.0,315.0,122.5,35.1,3.6,100,0.0,28.4,285,1001.1,NYNGAN,Nyngan
2025-11-15T07:00,193.0,6.0,187.0,13.0,34.2,1.9,100,0.0,24.3,282,1001.1,NYNGAN,Nyngan
2025-11-15T08:00,78.0,1.0,77.0,3.9,32.6,1.6,100,0.0,23.9,263,1001.7,NYNGAN,Nyngan
2025-11-15T09:00,8.0,0.0,8.0,0.0,30.8,2.9,100,0.0,26.5,255,1002.7,NYNGAN,Nyngan
2025-11-15T10:00,0.0,0.0,0.0,0.0,27.5,2.5,79,0.0,39.0,227,1004.3,NYNGAN,Nyngan
2025-11-15T11:00,0.0,0.0,0.0,0.0,23.1,5.0,79,0.0,27.2,217,1005.9,NYNGAN,Nyngan
2025-11-15T12:00,0.0,0.0,0.0,0.0,21.6,7.4,100,0.0,19.8,213,1006.5,NYNGAN,Nyngan
2025-11-15T13:00,0.0,0.0,0.0,0.0,20.7,10.5,97,0.0,18.9,215,1006.7,NYNGAN,Nyngan
2025-11-15T14:00,0.0,0.0,0.0,0.0,20.0,11.5,100,0.0,17.5,212,1006.7,NYNGAN,Nyngan
2025-11-15T15:00,0.0,0.0,0.0,0.0,18.5,12.7,100,0.3,7.3,101,1006.6,NYNGAN,Nyngan
2025-11-15T16:00,0.0,0.0,0.0,0.0,17.5,13.8,100,0.6,12.9,63,1006.4,NYNGAN,Nyngan
2025-11-15T17:00,0.0,0.0,0.0,0.0,16.8,13.9,42,0.0,3.1,45,1006.1,NYNGAN,Nyngan
2025-11-15T18:00,0.0,0.0,0.0,0.0,15.8,13.8,44,0.0,4.6,288,1006.3,NYNGAN,Nyngan
2025-11-15T19:00,0.0,0.0,0.0,0.0,15.3,13.6,0,0.0,6.0,295,1006.8,NYNGAN,Nyngan
2025-11-15T20:00,52.0,28.0,24.0,219.0,16.0,13.3,0,0.0,7.6,289,1007.5,NYNGAN,Nyngan
2025-11-15T21:00,253.0,192.0,61.0,666.7,19.0,12.7,0,0.0,13.3,272,1008.2,NYNGAN,Nyngan
2025-11-15T22:00,487.0,409.0,78.0,835.1,21.0,10.8,0,0.0,14.6,250,1008.4,NYNGAN,Nyngan
2025-11-15T23:00,704.0,616.0,88.0,919.9,24.1,9.3,0,0.0,13.8,242,1008.4,NYNGAN,Nyngan
